Name,city,state,summit,drop,base,trams,fastEight,fastSixes,fastQuads,quad,triple,double,surface,total,Runs,Terrain Parks,Longest Run,Skiable Terrain,Snow Making,24 HR,daysOpenLastYear,projectedDaysOpen,yearsOpen,averageSnowfall,AdultWeekday,adultWeekendPriceNote,Url,AdultWeekend,adultWeekdayPriceNote,Night Skiing,fastEightNote,mi Pistes,mi Snow Making,daysOpenNote,MI Night Skiing,snowfallNote,yearOpenNote
Mammoth Mountain,Sierra Nevada,Southern California,11053.0,3100.0,7953.0,3.0,0.0,2.0,9.0,1.0,6.0,4.0,0.0,25.0,150.0,10.0,3.0,3500.0,700.0,48.0,260.0,198.0,68.0,400.0,79.0,Check adult weekday price info.,http://www.onthesnow.com/california/mammoth-mountain-ski-area/ski-resort.html,,,,,,,,,,
Donner Ski Ranch,Sierra Nevada,North Lake Tahoe,8012.0,750.0,7031.0,0.0,0.0,0.0,0.0,0.0,1.0,5.0,2.0,8.0,52.0,2.0,15.0,505.0,60.0,48.0,163.0,170.0,84.0,400.0,79.0,,http://www.onthesnow.com/california/donner-ski-ranch/ski-resort.html,79.0,,,,,,,,,
Sugar Bowl Resort,Sierra Nevada,North Lake Tahoe,8383.0,1500.0,6883.0,1.0,0.0,0.0,5.0,3.0,1.0,0.0,2.0,12.0,105.0,3.0,3.0,1650.0,375.0,48.0,151.0,150.0,82.0,500.0,125.0,,http://www.onthesnow.com/california/sugar-bowl-resort/ski-resort.html,125.0,,,,,,,,,
Kirkwood,Sierra Nevada,South Lake Tahoe,9800.0,2000.0,7800.0,0.0,0.0,0.0,2.0,1.0,5.0,1.0,3.0,12.0,85.0,2.0,25.0,2300.0,200.0,48.0,200.0,128.0,49.0,354.0,,Check adult weekday price info.,http://www.onthesnow.com/california/kirkwood/ski-resort.html,,Check adult weekday price info.,,,,,,,,
Boreal Mountain Resort,Sierra Nevada,North Lake Tahoe,7700.0,500.0,7200.0,0.0,0.0,0.0,1.0,1.0,3.0,1.0,2.0,8.0,34.0,6.0,1.0,380.0,200.0,48.0,150.0,141.0,56.0,400.0,49.0,Check adult weekday price info.,http://www.onthesnow.com/california/boreal/ski-resort.html,,,200.0,,,,,,,
Sierra-at-Tahoe,Sierra Nevada,South Lake Tahoe,8852.0,2212.0,6640.0,0.0,,0.0,3.0,0.0,1.0,5.0,5.0,14.0,47.0,7.0,25.0,2000.0,200.0,48.0,160.0,144.0,75.0,460.0,125.0,,http://www.onthesnow.com/california/sierra-at-tahoe/ski-resort.html,125.0,,,Check fast eight lift info.,,,,,,
Mt. Rose - Ski Tahoe,Sierra Nevada,North Lake Tahoe,9700.0,1800.0,8260.0,0.0,0.0,2.0,0.0,2.0,2.0,0.0,2.0,8.0,65.0,5.0,25.0,1200.0,330.0,48.0,152.0,177.0,57.0,350.0,135.0,,http://www.onthesnow.com/nevada/mt-rose-ski-tahoe/ski-resort.html,135.0,,,,,,,,,
Soda Springs,Sierra Nevada,North Lake Tahoe,7352.0,652.0,6700.0,0.0,,0.0,0.0,0.0,1.0,1.0,4.0,6.0,20.0,,4.0,200.0,20.0,48.0,150.0,144.0,85.0,400.0,50.0,,http://www.onthesnow.com/california/soda-springs/ski-resort.html,50.0,,,Check fast eight lift info.,,,,,,
Wolf Creek Ski Area,Colorado,United States,11904.0,1604.0,10300.0,0.0,0.0,0.0,3.0,1.0,2.0,1.0,3.0,10.0,133.0,,2.0,1600.0,5.0,48.0,164.0,157.0,82.0,430.0,80.0,,http://www.onthesnow.com/colorado/wolf-creek-ski-area/ski-resort.html,80.0,,,,,,,,,
49 Degrees North,Washington,United States,5774.0,1851.0,3932.0,0.0,0.0,0.0,0.0,1.0,0.0,5.0,1.0,7.0,89.0,2.0,2.0,2325.0,,48.0,101.0,135.0,50.0,301.0,62.0,,http://www.onthesnow.com/washington/49-degrees-north/ski-resort.html,62.0,,250.0,,,,,,,
Bear Valley,Sierra Nevada,Northern California,8500.0,1900.0,6600.0,0.0,0.0,1.0,1.0,0.0,2.0,4.0,2.0,10.0,56.0,2.0,12.0,1680.0,100.0,48.0,165.0,142.0,54.0,359.0,,Check adult weekday price info.,http://www.onthesnow.com/california/bear-valley/ski-resort.html,,Check adult weekday price info.,,,,,,,,
Alta Ski Area,Salt Lake City,Utah,11068.0,2538.0,8530.0,0.0,0.0,0.0,3.0,0.0,1.0,2.0,0.0,6.0,119.0,,13.0,2614.0,140.0,48.0,156.0,142.0,83.0,547.0,,Check adult weekday price info.,http://www.onthesnow.com/utah/alta-ski-area/ski-resort.html,,Check adult weekday price info.,,,,,,,,
Mt. Hood Meadows,Mt. Hood,Oregon,7300.0,2777.0,4523.0,0.0,,0.0,6.0,0.0,0.0,5.0,2.0,13.0,85.0,7.0,3.0,2150.0,,48.0,150.0,147.0,53.0,430.0,,Check adult weekday price info.,http://www.onthesnow.com/oregon/mt-hood-meadows/ski-resort.html,,Check adult weekday price info.,170.0,Check fast eight lift info.,,,,,,
Snowbird,Salt Lake City,Utah,11000.0,3240.0,7760.0,1.0,0.0,0.0,7.0,0.0,0.0,4.0,2.0,14.0,140.0,1.0,25.0,2500.0,,48.0,184.0,205.0,50.0,500.0,155.0,,http://www.onthesnow.com/utah/snowbird/ski-resort.html,165.0,,2.0,,,,,,,
Northstar California,Sierra Nevada,North Lake Tahoe,8610.0,2280.0,6330.0,2.0,0.0,1.0,7.0,1.0,2.0,0.0,7.0,20.0,100.0,9.0,14.0,3170.0,1500.0,48.0,135.0,143.0,49.0,350.0,142.0,,http://www.onthesnow.com/california/northstar-california/ski-resort.html,154.0,,,,,,,,,
Mt. Baker,Washington,United States,5000.0,1500.0,3500.0,0.0,,0.0,0.0,8.0,0.0,0.0,2.0,10.0,38.0,,7.0,1000.0,,48.0,143.0,140.0,68.0,663.0,56.53,,http://www.onthesnow.com/washington/mt-baker/ski-resort.html,63.02,,,Check fast eight lift info.,,,,,,
Alpental,Washington,United States,5420.0,2280.0,3140.0,0.0,0.0,0.0,1.0,0.0,0.0,3.0,1.0,5.0,24.0,,12.0,825.0,,48.0,120.0,144.0,54.0,428.0,,Check adult weekday price info.,http://www.onthesnow.com/washington/alpental/ski-resort.html,,Check adult weekday price info.,121.0,,,,,,,
Tahoe Donner,Sierra Nevada,North Lake Tahoe,7350.0,600.0,6750.0,0.0,0.0,0.0,0.0,1.0,1.0,0.0,2.0,4.0,17.0,2.0,1.0,120.0,20.0,48.0,150.0,121.0,50.0,350.0,74.0,,http://www.onthesnow.com/california/tahoe-donner/ski-resort.html,74.0,,,,,,,,,
Mt. Spokane Ski and Snowboard Park,Washington,United States,5889.0,2000.0,4200.0,0.0,0.0,0.0,0.0,0.0,1.0,5.0,2.0,8.0,55.0,4.0,6.0,1704.0,,48.0,100.0,103.0,83.0,300.0,45.0,,http://www.onthesnow.com/washington/mt-spokane-ski-and-snowboard-park/ski-resort.html,59.0,,45.0,,,,,,,
Snowbasin,Utah,United States,9350.0,2900.0,6450.0,3.0,0.0,1.0,2.0,0.0,3.0,0.0,3.0,12.0,107.0,4.0,35.0,3000.0,625.0,48.0,143.0,135.0,81.0,300.0,149.0,,http://www.onthesnow.com/utah/snowbasin/ski-resort.html,169.0,,,,286.0,249.0,,,,
Brighton Resort,Salt Lake City,Utah,10500.0,1745.0,8755.0,0.0,0.0,0.0,3.0,1.0,1.0,0.0,2.0,7.0,66.0,4.0,12.0,1050.0,200.0,48.0,138.0,152.0,85.0,500.0,85.0,,http://www.onthesnow.com/utah/brighton-resort/ski-resort.html,85.0,,200.0,,,,,,,
Alyeska Resort,Alaska,United States,3939.0,2500.0,250.0,1.0,0.0,0.0,2.0,2.0,0.0,0.0,2.0,7.0,76.0,2.0,1.0,1610.0,113.0,48.0,150.0,128.0,62.0,669.0,65.0,,http://www.onthesnow.com/alaska/alyeska-resort/ski-resort.html,85.0,,550.0,,,,,,,
Brundage Mountain Resort,Idaho,United States,7640.0,1800.0,5840.0,0.0,,0.0,1.0,0.0,4.0,0.0,1.0,6.0,67.0,2.0,32.0,1920.0,2.0,48.0,126.0,135.0,60.0,320.0,78.0,,http://www.onthesnow.com/idaho/brundage-mountain-resort/ski-resort.html,78.0,,,Check fast eight lift info.,,,,,,
Dodge Ridge,Sierra Nevada,Northern California,8200.0,1600.0,6600.0,0.0,0.0,0.0,0.0,1.0,2.0,5.0,4.0,12.0,67.0,5.0,2.0,862.0,,48.0,,140.0,71.0,350.0,78.0,,http://www.onthesnow.com/california/dodge-ridge/ski-resort.html,78.0,,,,,,Check days info,,,
Mt. Bachelor,Oregon,United States,9065.0,3365.0,5700.0,0.0,0.0,0.0,8.0,1.0,3.0,0.0,3.0,15.0,121.0,14.0,4.0,4323.0,20.0,48.0,185.0,177.0,63.0,462.0,109.0,,http://www.onthesnow.com/oregon/mt-bachelor/ski-resort.html,109.0,,,,,25.0,,,,
Solitude Mountain Resort,Salt Lake City,Utah,10488.0,2494.0,7994.0,0.0,0.0,0.0,4.0,2.0,1.0,1.0,1.0,9.0,82.0,7.0,3.0,1200.0,150.0,48.0,161.0,142.0,64.0,500.0,115.0,,http://www.onthesnow.com/utah/solitude-mountain-resort/ski-resort.html,115.0,,,,,,,,,
Mt. Ashland,Oregon,United States,7533.0,1150.0,6383.0,0.0,0.0,0.0,0.0,0.0,2.0,2.0,1.0,5.0,44.0,3.0,1.0,240.0,,48.0,94.0,92.0,57.0,300.0,45.0,,http://www.onthesnow.com/oregon/mount-ashland/ski-resort.html,52.0,,40.0,,,,,,,
Heavenly,Sierra Nevada,South Lake Tahoe,10067.0,3500.0,7170.0,2.0,0.0,2.0,7.0,1.0,5.0,3.0,8.0,28.0,97.0,3.0,55.0,4800.0,3379.0,48.0,155.0,144.0,66.0,360.0,123.0,,http://www.onthesnow.com/california/heavenly-mountain-resort/ski-resort.html,131.0,,,,,,,,,
Timberline Lodge,Mt. Hood,Oregon,8540.0,3690.0,6000.0,0.0,0.0,0.0,5.0,0.0,1.0,1.0,1.0,8.0,41.0,6.0,2.0,1415.0,,48.0,305.0,305.0,84.0,550.0,,Check adult weekday price info.,http://www.onthesnow.com/oregon/timberline-lodge/ski-resort.html,,Check adult weekday price info.,300.0,,,,,,,
June Mountain,Sierra Nevada,Southern California,10090.0,2590.0,7545.0,0.0,,0.0,2.0,0.0,0.0,4.0,1.0,7.0,43.0,2.0,2.0,1500.0,,48.0,111.0,128.0,60.0,250.0,,Check adult weekday price info.,http://www.onthesnow.com/california/june-mountain/ski-resort.html,,Check adult weekday price info.,,Check fast eight lift info.,,,,,,
Mt. Shasta Ski Park,Sierra Nevada,Northern California,6890.0,1435.0,5500.0,0.0,,0.0,0.0,0.0,3.0,0.0,2.0,5.0,32.0,2.0,11.0,425.0,225.0,48.0,140.0,130.0,36.0,300.0,49.0,,http://www.onthesnow.com/california/mount-shasta-board-ski-park/ski-resort.html,59.0,,,Check fast eight lift info.,,,,,,
Willamette Pass,Oregon,United States,6683.0,1563.0,5120.0,0.0,0.0,1.0,0.0,0.0,3.0,0.0,1.0,5.0,29.0,,21.0,555.0,60.0,48.0,3.0,100.0,80.0,430.0,60.0,,http://www.onthesnow.com/oregon/willamette-pass/ski-resort.html,60.0,,,,,,,,,
Deer Valley Resort,Salt Lake City,Utah,9570.0,3000.0,6570.0,1.0,0.0,0.0,13.0,0.0,5.0,2.0,0.0,21.0,103.0,,28.0,2026.0,660.0,48.0,,127.0,41.0,300.0,,Check adult weekday price info.,http://www.onthesnow.com/utah/deer-valley-resort/ski-resort.html,,Check adult weekday price info.,,,,,Check days info,,,
Silverton Mountain,Colorado,United States,13487.0,3087.0,10400.0,0.0,0.0,0.0,0.0,0.0,0.0,1.0,0.0,1.0,,,15.0,26819.0,,48.0,175.0,115.0,19.0,400.0,79.0,,http://www.onthesnow.com/colorado/silverton-mountain/ski-resort.html,79.0,,,,9.0,,,,,
Park City,Salt Lake City,Utah,10026.0,3226.0,6800.0,4.0,0.0,6.0,7.0,9.0,8.0,4.0,6.0,44.0,341.0,6.0,35.0,7300.0,500.0,48.0,142.0,142.0,58.0,355.0,164.0,,http://www.onthesnow.com/utah/park-city-mountain-resort/ski-resort.html,179.0,,,,,,,,,
Diamond Peak,Sierra Nevada,North Lake Tahoe,8540.0,1840.0,6700.0,0.0,,0.0,1.0,2.0,0.0,3.0,1.0,7.0,30.0,3.0,21.0,655.0,492.0,48.0,128.0,122.0,55.0,300.0,109.0,,http://www.onthesnow.com/nevada/diamond-peak/ski-resort.html,124.0,,,Check fast eight lift info.,,,,,,
Appalachian Ski Mountain,North Carolina,United States,4000.0,365.0,3635.0,0.0,0.0,0.0,0.0,2.0,0.0,1.0,3.0,6.0,9.0,3.0,5.0,27.0,27.0,48.0,100.0,128.0,59.0,50.0,41.0,,http://www.onthesnow.com/north-carolina/appalachian-ski-mtn/ski-resort.html,66.0,,27.0,,,,,,,
Grand Targhee Resort,Wyoming,United States,9920.0,2270.0,7851.0,0.0,0.0,0.0,2.0,2.0,0.0,0.0,1.0,5.0,97.0,,27.0,2602.0,,48.0,152.0,137.0,52.0,500.0,103.0,,http://www.onthesnow.com/wyoming/grand-targhee-resort/ski-resort.html,103.0,,,,,,,,,
Jackson Hole,Wyoming,United States,10450.0,4139.0,6311.0,3.0,0.0,0.0,4.0,5.0,0.0,1.0,0.0,13.0,133.0,4.0,45.0,2500.0,195.0,48.0,136.0,136.0,56.0,459.0,,Check adult weekday price info.,http://www.onthesnow.com/wyoming/jackson-hole/ski-resort.html,,Check adult weekday price info.,,,,,,,,
Lookout Pass Ski Area,Idaho,United States,5650.0,1150.0,4500.0,0.0,0.0,0.0,0.0,1.0,1.0,2.0,0.0,4.0,38.0,2.0,15.0,540.0,,48.0,120.0,127.0,86.0,400.0,45.0,,http://www.onthesnow.com/idaho/lookout-pass-ski-area/ski-resort.html,49.0,,,,,,,,,
Powder Mountain,Utah,United States,9422.0,2522.0,6900.0,0.0,0.0,0.0,1.0,4.0,1.0,0.0,3.0,9.0,154.0,9.0,35.0,8464.0,,48.0,120.0,133.0,49.0,400.0,99.0,,http://www.onthesnow.com/utah/powder-mountain/ski-resort.html,99.0,,300.0,,,,,,,
Aspen Snowmass,Colorado,United States,12510.0,4406.0,8104.0,3.0,0.0,1.0,15.0,4.0,3.0,5.0,9.0,40.0,336.0,10.0,53.0,5517.0,658.0,48.0,150.0,148.0,74.0,300.0,,Check adult weekday price info.,http://www.onthesnow.com/colorado/aspen-snowmass/ski-resort.html,,Check adult weekday price info.,,,,,,,,
Copper Mountain,Colorado,United States,12313.0,2738.0,9712.0,1.0,0.0,2.0,4.0,0.0,4.0,4.0,9.0,24.0,150.0,6.0,17.0,2527.0,364.0,48.0,153.0,163.0,49.0,300.0,129.0,,http://www.onthesnow.com/colorado/copper-mountain-resort/ski-resort.html,179.0,,,,,,,,,
Steamboat,Colorado,United States,10568.0,3668.0,6900.0,1.0,0.0,1.0,6.0,0.0,5.0,2.0,3.0,18.0,169.0,4.0,3.0,2965.0,375.0,48.0,144.0,149.0,58.0,336.0,169.0,,http://www.onthesnow.com/colorado/steamboat/ski-resort.html,219.0,,30.0,,,,,,,
Pebble Creek Ski Area,Idaho,United States,8560.0,2200.0,6360.0,0.0,0.0,0.0,0.0,0.0,3.0,0.0,0.0,3.0,54.0,2.0,13.0,1100.0,30.0,48.0,85.0,91.0,72.0,250.0,47.0,,http://www.onthesnow.com/idaho/pebble-creek-ski-area/ski-resort.html,47.0,,30.0,,27.0,,,,,
Arizona Snowbowl,Arizona,United States,11500.0,2300.0,9200.0,0.0,0.0,1.0,0.0,2.0,2.0,1.0,2.0,8.0,55.0,4.0,2.0,777.0,104.0,48.0,122.0,122.0,83.0,260.0,,Check adult weekday price info.,http://www.onthesnow.com/arizona/arizona-snowbowl/ski-resort.html,,Check adult weekday price info.,,,,,,,,
Telluride,Colorado,United States,13150.0,4425.0,8725.0,2.0,0.0,0.0,6.0,1.0,2.0,2.0,4.0,17.0,147.0,3.0,46.0,2000.0,220.0,48.0,136.0,129.0,49.0,280.0,140.0,,http://www.onthesnow.com/colorado/telluride/ski-resort.html,140.0,,,,,,,,,
Welch Village,Minnesota,United States,1060.0,360.0,700.0,0.0,,0.0,0.0,3.0,1.0,4.0,2.0,10.0,50.0,2.0,8.0,125.0,125.0,48.0,114.0,122.0,56.0,45.0,54.0,,http://www.onthesnow.com/minnesota/welch-village/ski-resort.html,60.0,,100.0,Check fast eight lift info.,,,,,,
Taos Ski Valley,New Mexico,United States,12481.0,3281.0,9200.0,1.0,0.0,0.0,1.0,3.0,4.0,1.0,4.0,14.0,110.0,2.0,5.0,1294.0,647.0,48.0,137.0,129.0,66.0,300.0,110.0,,http://www.onthesnow.com/new-mexico/taos-ski-valley/ski-resort.html,110.0,,,,,13.0,,,,
Monarch Mountain,Colorado,United States,11952.0,1162.0,10790.0,0.0,0.0,0.0,0.0,1.0,0.0,4.0,2.0,7.0,64.0,2.0,1.0,800.0,,48.0,136.0,136.0,82.0,350.0,94.0,,http://www.onthesnow.com/colorado/monarch-mountain/ski-resort.html,94.0,,,,,,,,,
Sundance,Utah,United States,8250.0,2150.0,6100.0,0.0,,0.0,0.0,2.0,2.0,0.0,1.0,5.0,45.0,2.0,6.0,450.0,112.0,48.0,128.0,121.0,52.0,320.0,80.0,,http://www.onthesnow.com/utah/sundance/ski-resort.html,80.0,,,Check fast eight lift info.,,,,,,
Purgatory,Colorado,United States,10822.0,2029.0,8793.0,0.0,0.0,1.0,2.0,0.0,3.0,3.0,3.0,12.0,105.0,4.0,13.0,1650.0,250.0,48.0,130.0,137.0,56.0,260.0,89.0,,http://www.onthesnow.com/colorado/durango-mountain-resort/ski-resort.html,89.0,,,,,,,,,
Breckenridge,Colorado,United States,12998.0,3398.0,9600.0,1.0,0.0,5.0,6.0,0.0,1.0,6.0,15.0,34.0,187.0,4.0,35.0,2908.0,600.0,48.0,204.0,199.0,60.0,300.0,149.0,,http://www.onthesnow.com/colorado/breckenridge/ski-resort.html,179.0,,,,,,,,,
Winter Park,Colorado,United States,12060.0,3060.0,9000.0,1.0,0.0,2.0,7.0,0.0,4.0,6.0,5.0,25.0,161.0,7.0,49.0,3081.0,313.0,48.0,158.0,169.0,81.0,360.0,179.0,,http://www.onthesnow.com/colorado/winter-park-resort/ski-resort.html,179.0,,,,,,,,,
Crystal Mountain,Washington,United States,7012.0,3100.0,4400.0,1.0,,2.0,2.0,1.0,2.0,2.0,1.0,11.0,86.0,1.0,25.0,2600.0,10.0,48.0,,142.0,59.0,486.0,99.0,,http://www.onthesnow.com/washington/crystal-mountain-wa/ski-resort.html,99.0,,,Check fast eight lift info.,,,Check days info,,,
White Pass,Washington,United States,6550.0,2050.0,4500.0,0.0,,0.0,2.0,1.0,1.0,2.0,2.0,8.0,45.0,2.0,25.0,1402.0,30.0,48.0,148.0,144.0,69.0,400.0,69.0,,http://www.onthesnow.com/washington/white-pass/ski-resort.html,69.0,,90.0,Check fast eight lift info.,,2.0,,19.0,,
Big Sky,Montana,United States,11166.0,4350.0,7500.0,1.0,1.0,2.0,5.0,3.0,7.0,5.0,12.0,36.0,317.0,8.0,6.0,5800.0,400.0,48.0,144.0,143.0,48.0,400.0,152.0,,http://www.onthesnow.com/montana/big-sky-resort/ski-resort.html,194.0,,,,,,,,,
Cooper,Colorado,United States,11700.0,1200.0,10500.0,0.0,0.0,0.0,0.0,0.0,1.0,1.0,3.0,5.0,59.0,,14.0,470.0,,48.0,126.0,,76.0,260.0,80.0,,http://www.onthesnow.com/colorado/ski-cooper/ski-resort.html,80.0,,,,,,Check days info,,,
Powderhorn,Colorado,United States,9850.0,1650.0,8200.0,0.0,0.0,0.0,1.0,0.0,0.0,2.0,1.0,4.0,50.0,2.0,15.0,1600.0,59.0,48.0,112.0,107.0,55.0,250.0,79.0,,http://www.onthesnow.com/colorado/powderhorn/ski-resort.html,79.0,,,,,,,,,
Schweitzer,Idaho,United States,6400.0,2400.0,4000.0,0.0,0.0,1.0,3.0,0.0,2.0,2.0,2.0,10.0,92.0,3.0,21.0,2900.0,47.0,48.0,136.0,,58.0,300.0,89.0,,http://www.onthesnow.com/idaho/schweitzer/ski-resort.html,95.0,,100.0,,,,Check days info,,,
Crested Butte Mountain Resort,Colorado,United States,12162.0,3062.0,9375.0,0.0,0.0,0.0,4.0,2.0,2.0,1.0,5.0,14.0,121.0,4.0,26.0,1547.0,297.0,48.0,145.0,137.0,60.0,234.0,112.0,,http://www.onthesnow.com/colorado/crested-butte-mountain-resort/ski-resort.html,124.0,,,,,,,,,
Stevens Pass Resort,Washington,United States,5845.0,1800.0,4061.0,0.0,0.0,0.0,4.0,1.0,3.0,2.0,0.0,10.0,53.0,3.0,1.0,1125.0,,48.0,116.0,123.0,84.0,460.0,,Check adult weekday price info.,http://www.onthesnow.com/washington/stevens-pass-resort/ski-resort.html,,Check adult weekday price info.,450.0,,,,,,,
The Summit at Snoqualmie,Washington,United States,3865.0,1025.0,2840.0,0.0,,0.0,2.0,4.0,3.0,6.0,5.0,20.0,65.0,5.0,8.0,1994.0,5.0,48.0,120.0,140.0,84.0,428.0,85.0,,http://www.onthesnow.com/washington/the-summit-at-snoqualmie/ski-resort.html,95.0,,541.0,Check fast eight lift info.,,,,,,
Big Snow Resort - Blackjack,Michigan,United States,850.0,465.0,385.0,0.0,0.0,0.0,0.0,0.0,0.0,4.0,2.0,6.0,26.0,2.0,1.0,170.0,86.0,48.0,95.0,115.0,44.0,210.0,,Check adult weekday price info.,http://www.onthesnow.com/michigan/blackjack-ski-resort/ski-resort.html,,Check adult weekday price info.,,,,,,,,
Brian Head Resort,Utah,United States,10970.0,1548.0,9600.0,0.0,0.0,0.0,2.0,0.0,5.0,1.0,0.0,8.0,71.0,2.0,6.0,650.0,216.0,48.0,149.0,142.0,56.0,360.0,42.0,,http://www.onthesnow.com/utah/brian-head-resort/ski-resort.html,59.0,,,,,,,,,
Big Snow Resort - Indianhead Mountain,Michigan,United States,1935.0,638.0,1297.0,0.0,,0.0,0.0,1.0,1.0,5.0,2.0,9.0,30.0,2.0,1.0,240.0,150.0,48.0,120.0,120.0,62.0,204.0,49.0,,http://www.onthesnow.com/michigan/indianhead-mountain/ski-resort.html,49.0,,,Check fast eight lift info.,,,,,,
Hoodoo Ski Area,Oregon,United States,5703.0,1035.0,4668.0,0.0,0.0,0.0,0.0,3.0,1.0,1.0,1.0,6.0,36.0,,4.0,806.0,,48.0,80.0,108.0,83.0,350.0,56.0,,http://www.onthesnow.com/oregon/hoodoo-ski-area/ski-resort.html,56.0,,500.0,,,,,,,
Bluewood,Washington,United States,5670.0,1125.0,4545.0,0.0,0.0,0.0,0.0,0.0,2.0,0.0,1.0,3.0,26.0,2.0,2.0,355.0,,48.0,70.0,110.0,42.0,300.0,42.0,,http://www.onthesnow.com/washington/bluewood/ski-resort.html,47.0,,,,,,,,,
Beaver Mountain,Utah,United States,8860.0,1600.0,7232.0,0.0,0.0,0.0,0.0,0.0,3.0,1.0,2.0,6.0,48.0,2.0,17.0,880.0,,48.0,120.0,120.0,83.0,400.0,50.0,,http://www.onthesnow.com/utah/beaver-mountain/ski-resort.html,50.0,,,,,,,,,
Bogus Basin,Idaho,United States,7582.0,1800.0,5800.0,0.0,,0.0,4.0,0.0,0.0,3.0,3.0,10.0,82.0,4.0,15.0,2600.0,,48.0,134.0,127.0,79.0,250.0,69.0,,http://www.onthesnow.com/idaho/bogus-basin/ski-resort.html,69.0,,175.0,Check fast eight lift info.,,,,,,
Lost Trail - Powder Mtn,Montana,United States,8200.0,1800.0,6400.0,0.0,,0.0,0.0,0.0,0.0,5.0,3.0,8.0,69.0,2.0,25.0,1800.0,,48.0,84.0,80.0,83.0,325.0,49.0,,http://www.onthesnow.com/montana/lost-trail-powder-mtn/ski-resort.html,46.0,,,Check fast eight lift info.,,,,,,
Wild Mountain Ski & Snowboard Area,Minnesota,United States,1113.0,300.0,813.0,0.0,0.0,0.0,0.0,4.0,0.0,0.0,4.0,8.0,26.0,4.0,9.0,100.0,100.0,48.0,130.0,140.0,49.0,50.0,56.0,,http://www.onthesnow.com/minnesota/wild-mountain-ski-snowboard-area/ski-resort.html,56.0,,100.0,,,,,,,
Whitefish Mountain Resort,Montana,United States,6817.0,2353.0,4464.0,0.0,0.0,0.0,3.0,2.0,6.0,0.0,3.0,14.0,113.0,4.0,33.0,3000.0,600.0,48.0,123.0,123.0,74.0,333.0,83.0,,http://www.onthesnow.com/montana/whitefish-mountain-resort/ski-resort.html,83.0,,600.0,,,,,,,
Blacktail Mountain Ski Area,Montana,United States,6676.0,1440.0,5236.0,0.0,,0.0,0.0,0.0,1.0,2.0,1.0,4.0,27.0,,7.0,1000.0,,48.0,,,23.0,250.0,45.0,,http://www.onthesnow.com/montana/blacktail-mountain-ski-area/ski-resort.html,45.0,,,Check fast eight lift info.,,,Check days info,,,
Arapahoe Basin Ski Area,Colorado,United States,13050.0,2530.0,10780.0,0.0,0.0,0.0,1.0,3.0,1.0,1.0,3.0,9.0,147.0,3.0,15.0,1428.0,125.0,48.0,234.0,270.0,75.0,350.0,95.0,,http://www.onthesnow.com/colorado/arapahoe-basin-ski-area/ski-resort.html,95.0,,,,,,,,,
Ski Santa Fe,New Mexico,United States,12075.0,1725.0,10350.0,0.0,0.0,0.0,0.0,1.0,2.0,2.0,2.0,7.0,86.0,1.0,3.0,660.0,275.0,48.0,107.0,130.0,75.0,225.0,88.0,,http://www.onthesnow.com/new-mexico/ski-santa-fe/ski-resort.html,88.0,,,,,,,,,
Vail,Colorado,United States,11570.0,3450.0,8120.0,2.0,0.0,3.0,15.0,1.0,1.0,0.0,9.0,31.0,195.0,3.0,4.0,5289.0,461.0,48.0,158.0,156.0,59.0,354.0,180.0,,http://www.onthesnow.com/colorado/vail/ski-resort.html,199.0,,,,,,,,,
Anthony Lakes Mountain Resort,Oregon,United States,8000.0,900.0,7100.0,0.0,0.0,0.0,0.0,0.0,1.0,0.0,2.0,3.0,21.0,2.0,15.0,1100.0,,48.0,75.0,80.0,58.0,300.0,40.0,,http://www.onthesnow.com/oregon/anthony-lakes-mountain-resort/ski-resort.html,40.0,,,,,,,,,
Loveland,Colorado,United States,13010.0,2210.0,10800.0,0.0,0.0,0.0,1.0,3.0,3.0,2.0,1.0,10.0,94.0,1.0,2.0,1800.0,240.0,48.0,205.0,198.0,84.0,422.0,89.0,,http://www.onthesnow.com/colorado/loveland/ski-resort.html,89.0,,,,,,,,,
Sun Valley,Idaho,United States,9150.0,3400.0,5750.0,1.0,0.0,0.0,9.0,0.0,3.0,2.0,3.0,18.0,120.0,7.0,3.0,2054.0,645.0,48.0,149.0,136.0,85.0,220.0,99.0,,http://www.onthesnow.com/idaho/sun-valley/ski-resort.html,175.0,,,,,,,,,
Beaver Creek,Colorado,United States,11440.0,3340.0,8100.0,2.0,0.0,0.0,11.0,0.0,1.0,1.0,9.0,24.0,150.0,3.0,28.0,1832.0,650.0,48.0,144.0,141.0,41.0,323.0,175.0,,http://www.onthesnow.com/colorado/beaver-creek/ski-resort.html,199.0,,,,,,,,,
Bolton Valley,Vermont,United States,3150.0,1704.0,1446.0,0.0,0.0,0.0,0.0,2.0,0.0,3.0,1.0,6.0,71.0,3.0,6.0,300.0,90.0,48.0,133.0,132.0,55.0,300.0,69.0,,http://www.onthesnow.com/vermont/bolton-valley/ski-resort.html,79.0,,50.0,,186.0,,,,,
Montana Snowbowl,Montana,United States,7600.0,2600.0,5000.0,0.0,,0.0,0.0,0.0,0.0,2.0,2.0,4.0,37.0,,12.0,950.0,20.0,48.0,,,60.0,300.0,50.0,,http://www.onthesnow.com/montana/montana-snowbowl/ski-resort.html,50.0,,10.0,Check fast eight lift info.,,,Check days info,,,
Trollhaugen,Wisconsin,United States,1200.0,260.0,920.0,0.0,0.0,0.0,0.0,2.0,0.0,1.0,5.0,8.0,24.0,4.0,5.0,86.0,86.0,48.0,130.0,120.0,71.0,50.0,54.0,,http://www.onthesnow.com/wisconsin/trollhaugen/ski-resort.html,54.0,,86.0,,,,,,,
Bridger Bowl,Montana,United States,8700.0,2600.0,6100.0,0.0,0.0,0.0,0.0,1.0,6.0,1.0,3.0,11.0,105.0,2.0,15.0,2000.0,100.0,48.0,122.0,121.0,66.0,350.0,63.0,,http://www.onthesnow.com/montana/bridger-bowl/ski-resort.html,63.0,,,,,,,,,
Keystone,Colorado,United States,12408.0,3128.0,9280.0,2.0,0.0,2.0,4.0,1.0,1.0,2.0,8.0,20.0,128.0,1.0,35.0,3148.0,662.0,48.0,151.0,183.0,51.0,235.0,121.0,,http://www.onthesnow.com/colorado/keystone/ski-resort.html,144.0,,288.0,,,,,,,
Granite Peak Ski Area,Wisconsin,United States,1942.0,700.0,1242.0,0.0,,1.0,2.0,0.0,2.0,0.0,2.0,7.0,58.0,4.0,9.0,155.0,155.0,48.0,136.0,135.0,84.0,75.0,69.0,,http://www.onthesnow.com/wisconsin/granite-peak-ski-area/ski-resort.html,89.0,,155.0,Check fast eight lift info.,,,,,,
Silver Mountain,Idaho,United States,6300.0,2200.0,4100.0,1.0,0.0,0.0,0.0,1.0,2.0,2.0,1.0,7.0,80.0,2.0,25.0,1600.0,225.0,48.0,130.0,193.0,31.0,300.0,57.0,,http://www.onthesnow.com/idaho/silver-mountain/ski-resort.html,62.0,,20.0,,,,,,,
Discovery Ski Area,Montana,United States,8150.0,2380.0,5770.0,0.0,0.0,0.0,0.0,0.0,5.0,2.0,1.0,8.0,74.0,1.0,15.0,2400.0,25.0,48.0,116.0,116.0,48.0,225.0,49.0,,http://www.onthesnow.com/montana/discovery-ski-area/ski-resort.html,49.0,,,,,,,,,
Mont Ripley,Michigan,United States,1140.0,440.0,700.0,0.0,,0.0,0.0,0.0,0.0,2.0,2.0,4.0,24.0,2.0,8.0,112.0,112.0,48.0,114.0,100.0,85.0,275.0,49.0,,http://www.onthesnow.com/michigan/mont-ripley/ski-resort.html,49.0,,100.0,Check fast eight lift info.,,,,,,
Snow Valley,Sierra Nevada,Southern California,7841.0,1041.0,6800.0,0.0,,0.0,0.0,0.0,5.0,6.0,1.0,12.0,32.0,6.0,12.0,240.0,188.0,48.0,111.0,143.0,84.0,160.0,69.0,,http://www.onthesnow.com/california/snow-valley/ski-resort.html,79.0,,164.0,Check fast eight lift info.,,,,,,
Sunlight Mountain Resort,Colorado,United States,9895.0,2010.0,7885.0,0.0,0.0,0.0,0.0,0.0,1.0,2.0,0.0,3.0,72.0,1.0,25.0,730.0,30.0,48.0,100.0,114.0,55.0,250.0,65.0,,http://www.onthesnow.com/colorado/sunlight-mountain-resort/ski-resort.html,65.0,,,,,,,,,
Lee Canyon,Nevada,United States,11289.0,860.0,8510.0,0.0,,0.0,0.0,2.0,1.0,0.0,0.0,3.0,,1.0,3.0,59.0,50.0,48.0,144.0,150.0,58.0,161.0,79.0,,http://www.onthesnow.com/nevada/las-vegas-ski-and-snowboard-resort/ski-resort.html,79.0,,,Check fast eight lift info.,62.0,,,,,
Mt. Hood Skibowl,Mt. Hood,Oregon,5100.0,1500.0,3600.0,0.0,,0.0,0.0,0.0,0.0,4.0,6.0,10.0,69.0,2.0,3.0,960.0,29.0,48.0,125.0,136.0,84.0,300.0,70.0,,http://www.onthesnow.com/oregon/mt-hood-ski-bowl/ski-resort.html,70.0,,317.0,Check fast eight lift info.,,,,,,
Ski China Peak,Sierra Nevada,Northern California,8709.0,1679.0,7030.0,0.0,0.0,0.0,0.0,1.0,4.0,2.0,4.0,11.0,52.0,2.0,22.0,1400.0,150.0,48.0,140.0,144.0,64.0,300.0,83.0,,http://www.onthesnow.com/california/ski-china-peak/ski-resort.html,83.0,,,,,124.0,,,,
Red Lodge Mountain,Montana,United States,9416.0,2400.0,7016.0,0.0,0.0,0.0,2.0,0.0,1.0,3.0,1.0,7.0,70.0,2.0,25.0,1635.0,496.0,48.0,142.0,136.0,61.0,250.0,69.0,,http://www.onthesnow.com/montana/red-lodge-mountain/ski-resort.html,69.0,,,,,,,,,
Cannon Mountain,New Hampshire,United States,4080.0,2180.0,1900.0,1.0,0.0,0.0,1.0,2.0,3.0,1.0,3.0,11.0,97.0,2.0,23.0,285.0,192.0,48.0,124.0,143.0,83.0,160.0,89.0,,http://www.onthesnow.com/new-hampshire/cannon-mountain/ski-resort.html,89.0,,,,,,,,,
Lutsen Mountains,Minnesota,United States,1688.0,825.0,800.0,1.0,0.0,1.0,0.0,0.0,1.0,4.0,1.0,8.0,62.0,2.0,2.0,393.0,231.0,48.0,135.0,127.0,73.0,120.0,92.0,,http://www.onthesnow.com/minnesota/lutsen-mountains/ski-resort.html,92.0,,,,,,,,,
Mountain Creek Resort,New Jersey,United States,1480.0,1040.0,440.0,1.0,,0.0,2.0,2.0,1.0,1.0,3.0,10.0,46.0,3.0,2.0,167.0,167.0,48.0,90.0,100.0,56.0,65.0,79.99,,http://www.onthesnow.com/new-jersey/mountain-creek-resort/ski-resort.html,79.99,,167.0,Check fast eight lift info.,,,,,,
Snowy Range Ski & Recreation Area,Wyoming,United States,9663.0,990.0,8798.0,0.0,0.0,0.0,0.0,0.0,1.0,3.0,1.0,5.0,33.0,2.0,7.0,75.0,30.0,48.0,131.0,,61.0,250.0,49.0,,http://www.onthesnow.com/wyoming/snowy-range-ski-recreation-area/ski-resort.html,49.0,,,,,,Check days info,,,
Wachusett Mountain Ski Area,Massachusetts,United States,2006.0,1000.0,1006.0,0.0,0.0,0.0,3.0,0.0,1.0,0.0,4.0,8.0,27.0,2.0,15.0,125.0,,48.0,,120.0,59.0,100.0,65.0,,http://www.onthesnow.com/massachusetts/wachusett-mountain-ski-area/ski-resort.html,71.0,,,,58.0,,Check days info,,,
Boyne Mountain Resort,Michigan,United States,1120.0,500.0,620.0,0.0,,1.0,0.0,4.0,3.0,2.0,2.0,12.0,60.0,7.0,1.0,415.0,380.0,48.0,122.0,130.0,73.0,140.0,,Check adult weekday price info.,http://www.onthesnow.com/michigan/boyne-mountain-resort/ski-resort.html,,Check adult weekday price info.,200.0,Check fast eight lift info.,,,,,,
Ski Brule,Michigan,United States,1860.0,500.0,1360.0,0.0,0.0,0.0,0.0,0.0,0.0,5.0,7.0,12.0,17.0,3.0,1.0,150.0,150.0,48.0,164.0,165.0,64.0,150.0,55.0,,http://www.onthesnow.com/michigan/ski-brule/ski-resort.html,55.0,,40.0,,,,,,,
Great Divide,Montana,United States,7330.0,1580.0,5750.0,0.0,0.0,0.0,0.0,0.0,0.0,5.0,1.0,6.0,110.0,6.0,3.0,1600.0,150.0,48.0,94.0,100.0,80.0,180.0,48.0,,http://www.onthesnow.com/montana/great-divide/ski-resort.html,48.0,,100.0,,,37.0,,99.0,,
Giants Ridge Resort,Minnesota,United States,1972.0,500.0,1472.0,0.0,,0.0,1.0,1.0,1.0,2.0,2.0,7.0,35.0,2.0,8.0,202.0,202.0,48.0,120.0,125.0,37.0,85.0,49.0,,http://www.onthesnow.com/minnesota/giants-ridge-resort/ski-resort.html,59.0,,121.0,Check fast eight lift info.,,,,,,
Jay Peak,Vermont,United States,3968.0,2153.0,1815.0,1.0,0.0,0.0,1.0,3.0,1.0,1.0,2.0,9.0,81.0,4.0,3.0,385.0,300.0,48.0,155.0,163.0,66.0,349.0,89.0,,http://www.onthesnow.com/vermont/jay-peak/ski-resort.html,89.0,,,,,,,,,
Mission Ridge,Washington,United States,6820.0,2250.0,4570.0,0.0,0.0,0.0,1.0,0.0,0.0,3.0,2.0,6.0,,3.0,8.0,2000.0,66.0,48.0,104.0,109.0,55.0,200.0,,Check adult weekday price info.,http://www.onthesnow.com/washington/mission-ridge/ski-resort.html,,Check adult weekday price info.,500.0,,,,,,,
Camelback Mountain Resort,Pennsylvania,United States,2100.0,800.0,1250.0,0.0,,0.0,2.0,0.0,3.0,5.0,6.0,16.0,39.0,5.0,1.0,166.0,166.0,48.0,100.0,100.0,58.0,50.0,55.0,,http://www.onthesnow.com/pennsylvania/camelback-mountain-resort/ski-resort.html,70.0,,160.0,Check fast eight lift info.,,,,,,
Black Mountain,New Hampshire,United States,2350.0,1100.0,1250.0,0.0,0.0,0.0,0.0,0.0,1.0,1.0,3.0,5.0,69.0,,16.0,143.0,120.0,48.0,110.0,107.0,86.0,125.0,45.0,,http://www.onthesnow.com/new-hampshire/black-mountain/ski-resort.html,59.0,,,,,,,,,
Eldora Mountain Resort,Colorado,United States,10600.0,1400.0,9200.0,0.0,0.0,1.0,0.0,2.0,1.0,3.0,3.0,10.0,65.0,8.0,3.0,680.0,680.0,48.0,147.0,170.0,59.0,311.0,99.0,,http://www.onthesnow.com/colorado/eldora-mountain-resort/ski-resort.html,99.0,,,,,,,,,
Maverick Mountain,Montana,United States,8520.0,2020.0,6500.0,0.0,,0.0,0.0,0.0,0.0,1.0,1.0,2.0,22.0,,13.0,450.0,,48.0,,,85.0,160.0,39.0,,http://www.onthesnow.com/montana/maverick-mountain/ski-resort.html,39.0,,,Check fast eight lift info.,,,Check days info,,,
Showdown Montana,Montana,United States,8200.0,1400.0,6800.0,0.0,0.0,0.0,0.0,0.0,1.0,2.0,1.0,4.0,36.0,1.0,18.0,640.0,,48.0,86.0,85.0,85.0,250.0,47.0,,http://www.onthesnow.com/montana/showdown-ski-area/ski-resort.html,47.0,,,,,,,,,
Song Mountain,New York,United States,1940.0,700.0,1240.0,0.0,,0.0,0.0,0.0,1.0,1.0,3.0,5.0,24.0,,4.0,93.0,70.0,48.0,90.0,122.0,57.0,125.0,59.0,,http://www.onthesnow.com/new-york/song-mountain/ski-resort.html,59.0,,70.0,Check fast eight lift info.,,,,,,
Stowe Mountain,Vermont,United States,4395.0,2360.0,2035.0,2.0,0.0,0.0,0.0,4.0,2.0,2.0,2.0,12.0,116.0,,37.0,485.0,388.0,48.0,155.0,150.0,88.0,314.0,,Check adult weekday price info.,http://www.onthesnow.com/vermont/stowe-mountain-resort/ski-resort.html,,Check adult weekday price info.,,,,,,,,
Big Boulder,Pennsylvania,United States,2175.0,600.0,1700.0,0.0,0.0,0.0,0.0,0.0,2.0,5.0,1.0,8.0,8.0,7.0,,55.0,55.0,48.0,76.0,95.0,74.0,50.0,50.0,,http://www.onthesnow.com/pennsylvania/big-boulder/ski-resort.html,65.0,,55.0,,,,,,,
Buck Hill,Minnesota,United States,1225.0,309.0,919.0,0.0,,0.0,0.0,2.0,1.0,0.0,7.0,10.0,16.0,,2.0,45.0,45.0,48.0,115.0,112.0,67.0,60.0,34.0,,http://www.onthesnow.com/minnesota/buck-hill/ski-resort.html,47.0,,45.0,Check fast eight lift info.,,,,,,
Crystal Mountain,Michigan,United States,1132.0,375.0,757.0,0.0,0.0,0.0,1.0,3.0,2.0,0.0,2.0,8.0,58.0,3.0,3.0,102.0,96.0,48.0,120.0,130.0,65.0,132.0,55.0,,http://www.onthesnow.com/michigan/crystal-mountain/ski-resort.html,89.0,,56.0,,565.0,,,,,
Killington Resort,Vermont,United States,4241.0,3050.0,1165.0,3.0,0.0,1.0,5.0,4.0,3.0,1.0,5.0,22.0,155.0,6.0,6.0,1526.0,600.0,48.0,205.0,203.0,63.0,250.0,119.0,,http://www.onthesnow.com/vermont/killington-resort/ski-resort.html,119.0,,,,727.0,,,,,
Schuss Mountain at Shanty Creek,Michigan,United States,1125.0,450.0,675.0,0.0,0.0,0.0,0.0,5.0,0.0,0.0,3.0,8.0,42.0,3.0,1.0,80.0,72.0,48.0,94.0,111.0,58.0,160.0,59.0,,http://www.onthesnow.com/michigan/shanty-creek/ski-resort.html,79.0,,56.0,,,,,,,
Smugglers' Notch Resort,Vermont,United States,3640.0,2610.0,1030.0,0.0,0.0,0.0,0.0,0.0,0.0,6.0,2.0,8.0,78.0,6.0,3.0,1000.0,192.0,48.0,136.0,135.0,65.0,280.0,79.0,,http://www.onthesnow.com/vermont/smugglers-notch-resort/ski-resort.html,79.0,,,,,,,,,
Wildcat Mountain,New Hampshire,United States,4062.0,2112.0,1950.0,0.0,,0.0,1.0,0.0,3.0,0.0,1.0,5.0,48.0,,28.0,225.0,200.0,48.0,156.0,150.0,63.0,200.0,79.0,,http://www.onthesnow.com/new-hampshire/wildcat-mountain/ski-resort.html,89.0,,,Check fast eight lift info.,,,,,,
Sipapu Ski Resort,New Mexico,United States,9255.0,1055.0,8200.0,0.0,,0.0,0.0,1.0,2.0,0.0,3.0,6.0,42.0,4.0,5.0,200.0,140.0,48.0,127.0,143.0,69.0,190.0,55.0,,http://www.onthesnow.com/new-mexico/sipapu-ski-and-summer-resort/ski-resort.html,47.0,,,Check fast eight lift info.,,,,,,
Bretton Woods,New Hampshire,United States,3100.0,1500.0,1600.0,1.0,0.0,0.0,4.0,1.0,1.0,0.0,3.0,10.0,63.0,1.0,2.0,467.0,344.0,48.0,180.0,130.0,48.0,200.0,88.0,,http://www.onthesnow.com/new-hampshire/bretton-woods/ski-resort.html,104.0,,45.0,,,,,,,
Nubs Nob Ski Area,Michigan,United States,1338.0,427.0,911.0,0.0,,0.0,0.0,3.0,4.0,2.0,1.0,10.0,53.0,3.0,9.0,248.0,248.0,48.0,133.0,130.0,63.0,135.0,65.0,,http://www.onthesnow.com/michigan/nubs-nob-ski-area/ski-resort.html,85.0,,160.0,Check fast eight lift info.,,,,,,
Treetops Resort,Michigan,United States,1345.0,225.0,1120.0,0.0,,0.0,0.0,0.0,3.0,0.0,2.0,5.0,23.0,3.0,2.0,80.0,80.0,48.0,63.0,101.0,67.0,175.0,,Check adult weekday price info.,http://www.onthesnow.com/michigan/treetops-resort/ski-resort.html,,Check adult weekday price info.,80.0,Check fast eight lift info.,,,,,,
Bear Mountain,Big Bear Lake,Sierra Nevada,8805.0,1665.0,7140.0,0.0,0.0,0.0,2.0,1.0,2.0,3.0,4.0,12.0,15.0,14.0,15.0,198.0,198.0,48.0,122.0,135.0,78.0,100.0,,Check adult weekday price info.,http://www.onthesnow.com/california/bear-mountain/ski-resort.html,,Check adult weekday price info.,,,,,,,,
Hogadon Basin,Wyoming,United States,8000.0,640.0,7400.0,0.0,,0.0,0.0,0.0,0.0,1.0,1.0,2.0,28.0,1.0,6.0,92.0,32.0,48.0,121.0,95.0,63.0,80.0,48.0,,http://www.onthesnow.com/wyoming/hogadon/ski-resort.html,48.0,,,Check fast eight lift info.,,,,,,
Jiminy Peak,Massachusetts,United States,2380.0,1150.0,1230.0,0.0,0.0,1.0,0.0,2.0,3.0,1.0,2.0,9.0,45.0,3.0,2.0,167.0,163.0,48.0,121.0,120.0,73.0,90.0,81.0,,http://www.onthesnow.com/massachusetts/jiminy-peak/ski-resort.html,81.0,,104.0,,,,,,,
Loon Mountain,New Hampshire,United States,3050.0,2100.0,950.0,1.0,,0.0,3.0,1.0,1.0,2.0,2.0,10.0,61.0,6.0,25.0,370.0,322.0,48.0,149.0,144.0,55.0,160.0,98.0,,http://www.onthesnow.com/new-hampshire/loon-mountain/ski-resort.html,98.0,,,Check fast eight lift info.,,,,,,
Seven Oaks,Iowa,United States,975.0,275.0,800.0,0.0,0.0,0.0,0.0,0.0,2.0,0.0,2.0,4.0,11.0,2.0,1.0,35.0,35.0,48.0,100.0,100.0,24.0,40.0,40.0,,http://www.onthesnow.com/iowa/seven-oaks/ski-resort.html,40.0,,35.0,,,,,,,
Snow Summit,Big Bear Lake,Sierra Nevada,8200.0,1200.0,7000.0,0.0,0.0,0.0,0.0,2.0,4.0,5.0,5.0,16.0,27.0,6.0,12.0,240.0,240.0,48.0,,130.0,69.0,100.0,,Check adult weekday price info.,http://www.onthesnow.com/california/snow-summit/ski-resort.html,,Check adult weekday price info.,150.0,,,,Check days info,,,
Sugarloaf,Maine,United States,4237.0,2820.0,1417.0,0.0,0.0,0.0,2.0,3.0,1.0,5.0,2.0,13.0,162.0,4.0,35.0,1240.0,618.0,48.0,159.0,149.0,70.0,200.0,,Check adult weekday price info.,http://www.onthesnow.com/maine/sugarloaf/ski-resort.html,,Check adult weekday price info.,,,,,,,,
Holimont Ski Area,New York,United States,2260.0,700.0,1560.0,0.0,,0.0,1.0,1.0,2.0,3.0,1.0,8.0,55.0,3.0,15.0,135.0,135.0,48.0,117.0,120.0,59.0,180.0,65.0,,http://www.onthesnow.com/new-york/holimont-ski-area/ski-resort.html,79.0,,,Check fast eight lift info.,,,,,,
Burke Mountain,Vermont,United States,3267.0,2011.0,1210.0,0.0,0.0,0.0,1.0,1.0,0.0,0.0,3.0,5.0,52.0,3.0,22.0,178.0,125.0,48.0,110.0,125.0,64.0,217.0,73.0,,http://www.onthesnow.com/vermont/burke-mountain/ski-resort.html,73.0,,,,,,,,,
Shawnee Peak,Maine,United States,1900.0,1350.0,600.0,0.0,,0.0,0.0,1.0,2.0,1.0,2.0,6.0,43.0,3.0,8.0,239.0,234.0,48.0,97.0,103.0,83.0,110.0,55.0,,http://www.onthesnow.com/maine/shawnee-peak/ski-resort.html,75.0,,110.0,Check fast eight lift info.,,,,,,
Sunday River,Maine,United States,3140.0,2340.0,800.0,1.0,0.0,0.0,4.0,5.0,3.0,1.0,4.0,18.0,135.0,5.0,3.0,878.0,552.0,48.0,165.0,155.0,62.0,167.0,,Check adult weekday price info.,http://www.onthesnow.com/maine/sunday-river/ski-resort.html,,Check adult weekday price info.,140.0,,,,,,,
Pajarito Mountain Ski Area,New Mexico,United States,10441.0,1410.0,9031.0,0.0,,0.0,0.0,1.0,1.0,3.0,1.0,6.0,45.0,2.0,6.0,750.0,35.0,48.0,89.0,117.0,64.0,163.0,59.0,,http://www.onthesnow.com/new-mexico/pajarito-mountain-ski-area/ski-resort.html,59.0,,,Check fast eight lift info.,,,,,,
Catamount,New York,United States,2000.0,1000.0,1000.0,0.0,,0.0,0.0,1.0,2.0,2.0,3.0,8.0,38.0,3.0,2.0,133.0,130.0,48.0,100.0,90.0,82.0,108.0,38.0,,http://www.onthesnow.com/new-york/catamount-ski-ride-area/ski-resort.html,69.0,,55.0,Check fast eight lift info.,,87.0,,43.0,,
Holiday Valley,New York,United States,2250.0,750.0,1500.0,0.0,,0.0,3.0,8.0,0.0,0.0,2.0,13.0,60.0,5.0,1.0,290.0,266.0,48.0,116.0,129.0,64.0,180.0,73.0,,http://www.onthesnow.com/new-york/holiday-valley/ski-resort.html,85.0,,189.0,Check fast eight lift info.,,,,,,
Berkshire East,Massachusetts,United States,1720.0,1180.0,540.0,0.0,,0.0,0.0,2.0,1.0,1.0,1.0,5.0,38.0,2.0,2.0,180.0,165.0,48.0,120.0,,70.0,120.0,48.0,,http://www.onthesnow.com/massachusetts/berkshire-east/ski-resort.html,68.0,,80.0,Check fast eight lift info.,,,Check days info,,,
Bristol Mountain,New York,United States,2200.0,1200.0,1000.0,0.0,0.0,0.0,2.0,1.0,1.0,1.0,1.0,6.0,34.0,3.0,2.0,160.0,148.0,48.0,129.0,129.0,57.0,60.0,65.0,,http://www.onthesnow.com/new-york/bristol-mountain/ski-resort.html,76.0,,154.0,,,,,,,
Holiday Mountain,New York,United States,1550.0,400.0,1150.0,0.0,0.0,0.0,0.0,1.0,0.0,1.0,2.0,4.0,6.0,,4.0,37.0,37.0,48.0,75.0,85.0,62.0,50.0,27.0,,http://www.onthesnow.com/new-york/holiday-mountain/ski-resort.html,42.0,,37.0,,,,,,,
Maple Ski Ridge,New York,United States,1200.0,450.0,750.0,0.0,0.0,0.0,0.0,0.0,1.0,1.0,1.0,3.0,10.0,,3.0,25.0,25.0,48.0,,,59.0,,26.0,,http://www.onthesnow.com/new-york/maple-ski-ridge/ski-resort.html,38.0,,20.0,,,,Check days info,,Check snowfall info.,
Pico Mountain ,Vermont,United States,3967.0,1967.0,2000.0,0.0,0.0,0.0,2.0,0.0,2.0,2.0,1.0,7.0,61.0,1.0,4.0,267.0,156.0,48.0,,,84.0,250.0,81.0,,http://www.onthesnow.com/vermont/pico-mountain-at-killington/ski-resort.html,81.0,,,,,,Check days info,,,
Sugarbush,Vermont,United States,4083.0,2600.0,1483.0,0.0,0.0,0.0,5.0,5.0,2.0,1.0,3.0,16.0,111.0,4.0,3.0,581.0,406.0,48.0,150.0,162.0,63.0,250.0,,Check adult weekday price info.,http://www.onthesnow.com/vermont/sugarbush/ski-resort.html,,Check adult weekday price info.,,,,,,,,
Okemo Mountain Resort,Vermont,United States,3344.0,2200.0,1144.0,0.0,0.0,1.0,4.0,5.0,3.0,0.0,7.0,20.0,121.0,9.0,34.0,667.0,654.0,48.0,150.0,142.0,65.0,200.0,,Check adult weekday price info.,http://www.onthesnow.com/vermont/okemo-mountain-resort/ski-resort.html,,Check adult weekday price info.,,,265.0,,,,,
Gore Mountain,New York,United States,3600.0,2537.0,998.0,1.0,0.0,0.0,2.0,4.0,3.0,0.0,4.0,14.0,110.0,7.0,45.0,439.0,338.0,48.0,142.0,,57.0,150.0,105.0,,http://www.onthesnow.com/new-york/gore-mountain/ski-resort.html,105.0,,15.0,,413.0,298.0,Check days info,2.0,,
Mount Snow,Vermont,United States,3600.0,1700.0,1900.0,0.0,0.0,1.0,3.0,1.0,6.0,4.0,5.0,20.0,87.0,15.0,3.0,600.0,480.0,48.0,135.0,158.0,67.0,156.0,,Check adult weekday price info.,http://www.onthesnow.com/vermont/mount-snow/ski-resort.html,,Check adult weekday price info.,,,,,,,,
Titus Mountain,New York,United States,2025.0,1200.0,825.0,0.0,,0.0,0.0,0.0,2.0,6.0,2.0,10.0,50.0,3.0,2.0,200.0,150.0,48.0,101.0,100.0,61.0,150.0,39.0,,http://www.onthesnow.com/new-york/titus-mountain/ski-resort.html,49.0,,70.0,Check fast eight lift info.,,112.0,,81.0,,
Bromley Mountain,Vermont,United States,3284.0,1334.0,1950.0,0.0,,0.0,1.0,1.0,0.0,4.0,3.0,9.0,47.0,1.0,25.0,178.0,153.0,48.0,,152.0,85.0,168.0,92.0,,http://www.onthesnow.com/vermont/bromley-mountain/ski-resort.html,96.0,,,Check fast eight lift info.,,,Check days info,,,
Mountain High,Sierra Nevada,Southern California,8200.0,1600.0,6600.0,0.0,,0.0,2.0,2.0,2.0,5.0,3.0,14.0,59.0,1.0,16.0,290.0,275.0,48.0,118.0,150.0,97.0,108.0,84.0,,http://www.onthesnow.com/california/mountain-high/ski-resort.html,84.0,,73.0,Check fast eight lift info.,,,,,,
Mount La Crosse,Wisconsin,United States,1110.0,516.0,594.0,0.0,,0.0,0.0,0.0,0.0,3.0,1.0,4.0,19.0,1.0,4.0,100.0,100.0,48.0,115.0,100.0,62.0,40.0,56.0,,http://www.onthesnow.com/wisconsin/mount-la-crosse/ski-resort.html,56.0,,90.0,Check fast eight lift info.,,,,,,
Ragged Mountain Resort,New Hampshire,United States,2250.0,1250.0,1000.0,0.0,,1.0,1.0,0.0,1.0,0.0,3.0,6.0,57.0,3.0,7.0,250.0,200.0,48.0,,140.0,56.0,100.0,74.0,,http://www.onthesnow.com/new-hampshire/ragged-mountain-resort/ski-resort.html,84.0,,,Check fast eight lift info.,,,Check days info,,,
Willard Mountain,New York,United States,1415.0,505.0,910.0,0.0,,0.0,0.0,0.0,0.0,2.0,3.0,5.0,16.0,,4.0,50.0,35.0,48.0,85.0,120.0,21.0,80.0,46.0,,http://www.onthesnow.com/new-york/willard-mountain/ski-resort.html,46.0,,35.0,Check fast eight lift info.,,,,,,
Enchanted Forest Ski Area,New Mexico,United States,10078.0,400.0,9820.0,0.0,,0.0,0.0,0.0,0.0,0.0,0.0,0.0,35.0,,25.0,600.0,,48.0,130.0,140.0,36.0,240.0,20.0,,http://www.onthesnow.com/new-mexico/enchanted-forest-cross-countryski-area/ski-resort.html,20.0,,,Check fast eight lift info.,,,,,,
Cannonsburg,Michigan,United States,1100.0,250.0,850.0,0.0,,0.0,0.0,1.0,1.0,1.0,7.0,10.0,21.0,5.0,1.0,100.0,,48.0,100.0,100.0,56.0,100.0,30.0,,http://www.onthesnow.com/michigan/cannonsburg/ski-resort.html,37.0,,,Check fast eight lift info.,,,,,,
Waterville Valley,New Hampshire,United States,4004.0,2020.0,1984.0,0.0,,0.0,2.0,0.0,2.0,2.0,6.0,12.0,62.0,3.0,19.0,255.0,255.0,48.0,142.0,142.0,56.0,148.0,102.0,,http://www.onthesnow.com/new-hampshire/waterville-valley/ski-resort.html,102.0,,,Check fast eight lift info.,,,,,,
Whiteface Mountain Resort,New York,United States,4650.0,3430.0,1220.0,1.0,0.0,0.0,1.0,2.0,1.0,5.0,2.0,12.0,89.0,6.0,21.0,300.0,220.0,48.0,143.0,141.0,63.0,168.0,115.0,,http://www.onthesnow.com/new-york/whiteface-mountain-resort/ski-resort.html,115.0,,,,,,,,,
Seven Springs,Pennsylvania,United States,2994.0,750.0,2240.0,0.0,,2.0,0.0,3.0,5.0,0.0,4.0,14.0,33.0,7.0,12.0,285.0,285.0,48.0,99.0,115.0,89.0,135.0,67.0,,http://www.onthesnow.com/pennsylvania/seven-springs/ski-resort.html,87.0,,200.0,Check fast eight lift info.,,,,,,
Woods Valley Ski Area,New York,United States,1400.0,500.0,900.0,0.0,,0.0,0.0,0.0,0.0,2.0,4.0,6.0,21.0,,3.0,25.0,16.0,48.0,,,57.0,180.0,31.0,,http://www.onthesnow.com/new-york/woods-valley-ski-area/ski-resort.html,39.0,,15.0,Check fast eight lift info.,,,Check days info,,,
Cranmore Mountain Resort,New Hampshire,United States,2000.0,1200.0,600.0,0.0,0.0,0.0,1.0,1.0,2.0,1.0,3.0,8.0,57.0,4.0,1.0,200.0,192.0,48.0,107.0,128.0,84.0,150.0,,Check adult weekday price info.,http://www.onthesnow.com/new-hampshire/cranmore-mountain-resort/ski-resort.html,,Check adult weekday price info.,,,,,,,,
Belleayre,New York,United States,3429.0,1404.0,2025.0,1.0,0.0,0.0,1.0,2.0,1.0,0.0,3.0,8.0,50.0,2.0,22.0,175.0,168.0,48.0,154.0,128.0,72.0,130.0,95.0,,http://www.onthesnow.com/new-york/belleayre/ski-resort.html,95.0,,,,,,,,,
Gunstock,New Hampshire,United States,2300.0,1400.0,900.0,0.0,,0.0,1.0,2.0,2.0,0.0,2.0,7.0,48.0,6.0,15.0,227.0,176.0,48.0,106.0,,84.0,120.0,84.0,,http://www.onthesnow.com/new-hampshire/gunstock/ski-resort.html,96.0,,60.0,Check fast eight lift info.,,,Check days info,,,
Hunter Mountain,New York,United States,3200.0,1600.0,1600.0,0.0,,2.0,1.0,2.0,2.0,2.0,4.0,13.0,67.0,4.0,2.0,320.0,320.0,48.0,140.0,155.0,61.0,120.0,79.0,,http://www.onthesnow.com/new-york/hunter-mountain/ski-resort.html,89.0,,,Check fast eight lift info.,,,,,,
Mad River Glen,Vermont,United States,3637.0,2037.0,1600.0,0.0,,0.0,0.0,0.0,2.0,2.0,1.0,5.0,52.0,,1.0,115.0,16.0,48.0,134.0,134.0,73.0,228.0,,Check adult weekday price info.,http://www.onthesnow.com/vermont/mad-river-glen/ski-resort.html,,Check adult weekday price info.,,Check fast eight lift info.,,,,,,
Plattekill Mountain,New York,United States,3500.0,1100.0,2400.0,0.0,,0.0,0.0,0.0,1.0,1.0,2.0,4.0,38.0,1.0,2.0,110.0,75.0,48.0,65.0,65.0,28.0,175.0,50.0,,http://www.onthesnow.com/new-york/plattekill-mountain/ski-resort.html,68.0,,,Check fast eight lift info.,12.0,,,,,
Stratton Mountain,Vermont,United States,3875.0,2003.0,1872.0,1.0,0.0,4.0,1.0,2.0,1.0,1.0,1.0,11.0,99.0,4.0,3.0,670.0,474.0,48.0,155.0,142.0,60.0,180.0,125.0,,http://www.onthesnow.com/vermont/stratton-mountain/ski-resort.html,125.0,,,,,,,,,
Timberline Mountain,West Virginia,United States,4265.0,1000.0,3268.0,0.0,,1.0,0.0,1.0,2.0,1.0,1.0,6.0,22.0,2.0,2.0,100.0,100.0,48.0,97.0,115.0,39.0,150.0,72.0,,http://www.onthesnow.com/west-virginia/timberline-four-seasons/ski-resort.html,92.0,,27.0,Check fast eight lift info.,,,,,,
West Mountain,New York,United States,1470.0,1010.0,460.0,0.0,,0.0,0.0,0.0,1.0,2.0,2.0,5.0,29.0,1.0,6.0,124.0,105.0,48.0,,120.0,60.0,80.0,49.0,,http://www.onthesnow.com/new-york/west-mountain/ski-resort.html,59.0,,105.0,Check fast eight lift info.,,,Check days info,,,
Mount Bohemia,Michigan,United States,1500.0,900.0,600.0,0.0,,0.0,0.0,0.0,1.0,1.0,0.0,2.0,,,23.0,620.0,,48.0,83.0,100.0,21.0,273.0,68.0,,http://www.onthesnow.com/michigan/mount-bohemia/ski-resort.html,68.0,,,Check fast eight lift info.,,,,,,
Meadowlark Ski Lodge,Wyoming,United States,9500.0,1000.0,8500.0,0.0,,0.0,0.0,0.0,1.0,1.0,0.0,2.0,14.0,,15.0,300.0,,48.0,,60.0,11.0,,,Check adult weekday price info.,http://www.onthesnow.com/wyoming/meadowlark-ski-lodge/ski-resort.html,,Check adult weekday price info.,,Check fast eight lift info.,31.0,,Check days info,,Check snowfall info.,
Magic Mountain,Vermont,United States,2850.0,1500.0,1350.0,0.0,0.0,0.0,0.0,0.0,0.0,2.0,2.0,4.0,50.0,1.0,16.0,205.0,95.0,48.0,76.0,80.0,61.0,150.0,74.0,,http://www.onthesnow.com/vermont/magic-mountain/ski-resort.html,74.0,,,,,124.0,,,,
Mt. Baldy,Sierra Nevada,Southern California,8600.0,2100.0,6500.0,0.0,,0.0,0.0,0.0,0.0,4.0,0.0,4.0,26.0,1.0,25.0,800.0,80.0,48.0,175.0,200.0,69.0,178.0,69.0,,http://www.onthesnow.com/california/mt-baldy/ski-resort.html,69.0,,,Check fast eight lift info.,,,,,,
Montage Mountain,Pennsylvania,United States,1960.0,1000.0,960.0,0.0,,0.0,0.0,1.0,3.0,1.0,2.0,7.0,26.0,1.0,12.0,140.0,140.0,48.0,60.0,90.0,37.0,47.0,67.0,Check adult weekday price info.,http://www.onthesnow.com/pennsylvania/sno-mountain/ski-resort.html,,,140.0,Check fast eight lift info.,,,,,,
Mount Sunapee,New Hampshire,United States,2743.0,1510.0,1233.0,0.0,,0.0,2.0,1.0,2.0,1.0,4.0,10.0,66.0,4.0,8.0,232.0,215.0,48.0,130.0,130.0,73.0,100.0,,Check adult weekday price info.,http://www.onthesnow.com/new-hampshire/mount-sunapee/ski-resort.html,,Check adult weekday price info.,,Check fast eight lift info.,,,,,,
Big Squaw Mountain Ski Resort,Maine,United States,3200.0,660.0,1750.0,0.0,,0.0,0.0,0.0,1.0,0.0,0.0,1.0,29.0,,8.0,,,48.0,67.0,58.0,8.0,,30.0,,http://www.onthesnow.com/maine/big-squaw-mountain-ski-resort/ski-resort.html,30.0,,,Check fast eight lift info.,,,,,Check snowfall info.,
Yosemite Ski & Snowboard Area,Sierra Nevada,Northern California,7800.0,600.0,7200.0,0.0,0.0,0.0,0.0,0.0,1.0,3.0,1.0,5.0,10.0,2.0,4.0,88.0,,48.0,110.0,107.0,86.0,300.0,47.0,,http://www.onthesnow.com/california/badger-pass/ski-resort.html,47.0,,,,,,,,,
Four Lakes,Illinois,United States,500.0,100.0,400.0,0.0,,0.0,0.0,0.0,0.0,0.0,7.0,7.0,7.0,1.0,1.0,9.0,9.0,48.0,78.0,70.0,60.0,24.0,,Check adult weekday price info.,http://www.onthesnow.com/illinois/four-lakes/ski-resort.html,,Check adult weekday price info.,9.0,Check fast eight lift info.,,,,,,
Hyland Ski & Snowboard Area,Minnesota,United States,1075.0,175.0,900.0,0.0,0.0,0.0,0.0,2.0,1.0,0.0,4.0,7.0,11.0,2.0,1.0,35.0,35.0,48.0,110.0,115.0,63.0,55.0,35.34,,http://www.onthesnow.com/minnesota/hyland-ski-snowboard-area/ski-resort.html,35.34,,35.0,,,,,,,
Mt. Crescent Ski Area,Iowa,United States,1500.0,300.0,1200.0,0.0,,0.0,0.0,1.0,0.0,1.0,0.0,2.0,11.0,1.0,2.0,50.0,50.0,48.0,,,60.0,30.0,29.0,,http://www.onthesnow.com/iowa/mt-crescent-ski-area/ski-resort.html,39.0,,50.0,Check fast eight lift info.,,,Check days info,,,
Royal Mountain Ski Area,New York,United States,1800.0,550.0,1250.0,0.0,,0.0,0.0,0.0,0.0,3.0,0.0,3.0,14.0,,3.0,35.0,28.0,48.0,,,65.0,90.0,45.0,,http://www.onthesnow.com/new-york/royal-mountain-ski-area/ski-resort.html,45.0,,,Check fast eight lift info.,,,Check days info,,,
Coffee Mill Ski & Snowboard Resort,Minnesota,United States,1150.0,425.0,725.0,0.0,0.0,0.0,0.0,0.0,0.0,2.0,1.0,3.0,14.0,1.0,1.0,40.0,35.0,48.0,57.0,56.0,41.0,48.0,23.0,,http://www.onthesnow.com/minnesota/coffee-mill-ski-snowboard-resort/ski-resort.html,37.0,,35.0,,,,,,,
Bruce Mound,Wisconsin,United States,1375.0,375.0,1000.0,0.0,0.0,0.0,0.0,0.0,1.0,0.0,4.0,5.0,12.0,2.0,5.0,40.0,30.0,48.0,42.0,42.0,73.0,42.0,33.0,,http://www.onthesnow.com/wisconsin/bruce-mound/ski-resort.html,25.0,,30.0,,9.0,,,,,
Hilltop Ski Area,Alaska,United States,2090.0,294.0,1796.0,0.0,0.0,0.0,0.0,0.0,1.0,0.0,2.0,3.0,13.0,1.0,1.0,30.0,30.0,48.0,150.0,152.0,38.0,69.0,30.0,,http://www.onthesnow.com/alaska/hilltop-ski-area/ski-resort.html,34.0,,30.0,,,,,,,
Otis Ridge Ski Area,Massachusetts,United States,1700.0,400.0,1300.0,0.0,,0.0,0.0,0.0,0.0,1.0,3.0,4.0,11.0,1.0,1.0,60.0,55.0,48.0,106.0,106.0,75.0,70.0,20.0,,http://www.onthesnow.com/massachusetts/otis-ridge-ski-area/ski-resort.html,40.0,,35.0,Check fast eight lift info.,,,,,,
Attitash,New Hampshire,United States,2350.0,1750.0,600.0,0.0,,0.0,2.0,1.0,3.0,2.0,1.0,9.0,68.0,3.0,3.0,311.0,240.0,48.0,115.0,127.0,56.0,120.0,79.0,,http://www.onthesnow.com/new-hampshire/attitash/ski-resort.html,89.0,,,Check fast eight lift info.,,,,,,
Afton Alps,Minnesota,United States,1530.0,350.0,1180.0,0.0,0.0,0.0,0.0,1.0,2.0,14.0,4.0,21.0,48.0,5.0,5.0,250.0,250.0,48.0,135.0,135.0,58.0,60.0,55.0,,http://www.onthesnow.com/minnesota/afton-alps/ski-resort.html,60.0,,250.0,,,,,,,
Alpine Valley,Ohio,United States,1500.0,230.0,1260.0,0.0,0.0,0.0,0.0,1.0,2.0,0.0,0.0,3.0,6.0,1.0,2.0,72.0,72.0,48.0,105.0,78.0,55.0,120.0,43.0,,http://www.onthesnow.com/ohio/alpine-valley/ski-resort.html,43.0,,72.0,,,,,,,
Alpine Valley Resort,Wisconsin,United States,1040.0,388.0,820.0,0.0,,0.0,3.0,0.0,4.0,0.0,6.0,13.0,21.0,3.0,2.0,90.0,90.0,48.0,100.0,120.0,57.0,80.0,56.0,,http://www.onthesnow.com/wisconsin/alpine-valley-resort/ski-resort.html,65.0,,90.0,Check fast eight lift info.,,,,,,
Alpine Valley Ski Area,Michigan,United States,500.0,240.0,126.0,0.0,,0.0,0.0,1.0,2.0,5.0,6.0,14.0,25.0,3.0,2.0,100.0,100.0,48.0,,,59.0,20.0,39.0,,http://www.onthesnow.com/michigan/alpine-valley-ski-area/ski-resort.html,47.0,,100.0,Check fast eight lift info.,,,Check days info,,,
Snow King Mountain,Wyoming,United States,7808.0,1571.0,6237.0,0.0,,0.0,0.0,1.0,1.0,1.0,0.0,3.0,34.0,2.0,1.0,400.0,250.0,48.0,121.0,123.0,82.0,300.0,59.0,,http://www.onthesnow.com/wyoming/snow-king-resort/ski-resort.html,59.0,,110.0,Check fast eight lift info.,,,,,,
Andes Tower Hills Ski Area,Minnesota,United States,1620.0,290.0,1330.0,0.0,0.0,0.0,0.0,1.0,2.0,0.0,3.0,6.0,16.0,2.0,2.0,35.0,35.0,48.0,100.0,110.0,40.0,55.0,45.0,,http://www.onthesnow.com/minnesota/andes-tower-hills-ski-area/ski-resort.html,45.0,,35.0,,,,,,,
Angel Fire Resort,New Mexico,United States,10677.0,2077.0,8600.0,0.0,0.0,0.0,2.0,0.0,0.0,3.0,2.0,7.0,81.0,2.0,3.0,560.0,230.0,48.0,101.0,100.0,55.0,210.0,89.0,,http://www.onthesnow.com/new-mexico/angel-fire-resort/ski-resort.html,92.0,,50.0,,,,,,,
Apple Mountain,Michigan,United States,820.0,220.0,600.0,0.0,0.0,0.0,0.0,1.0,0.0,0.0,5.0,6.0,12.0,,,80.0,42.0,48.0,,,60.0,52.0,35.0,,http://www.onthesnow.com/michigan/apple-mountain/ski-resort.html,35.0,,80.0,,,,Check days info,,,
Bear Creek Mountain Resort,Pennsylvania,United States,1100.0,510.0,600.0,0.0,,0.0,0.0,3.0,1.0,0.0,2.0,6.0,23.0,3.0,1.0,86.0,86.0,48.0,91.0,90.0,54.0,30.0,50.0,,http://www.onthesnow.com/pennsylvania/bear-creek-mountain-resort/ski-resort.html,60.0,,86.0,Check fast eight lift info.,,,,,,
Big Powderhorn Mountain,Michigan,United States,1800.0,600.0,1200.0,0.0,0.0,0.0,0.0,0.0,0.0,9.0,1.0,10.0,45.0,2.0,1.0,253.0,228.0,48.0,100.0,104.0,57.0,214.0,69.0,,http://www.onthesnow.com/michigan/big-powderhorn-mountain/ski-resort.html,69.0,,,,,,,,,
Bittersweet Ski Area,Michigan,United States,850.0,350.0,450.0,0.0,0.0,0.0,0.0,1.0,6.0,0.0,4.0,11.0,18.0,3.0,2.0,100.0,100.0,48.0,80.0,,38.0,90.0,38.0,,http://www.onthesnow.com/michigan/bittersweet-ski-area/ski-resort.html,48.0,,100.0,,,,Check days info,,,
Ski Blandford,Massachusetts,United States,1685.0,465.0,1035.0,0.0,0.0,0.0,0.0,0.0,0.0,3.0,2.0,5.0,29.0,2.0,5.0,132.0,70.0,48.0,,84.0,85.0,50.0,20.0,,http://www.onthesnow.com/massachusetts/blandford-ski-area/ski-resort.html,45.0,,70.0,,,,Check days info,,,
Blue Knob,Pennsylvania,United States,3146.0,1072.0,2074.0,0.0,0.0,0.0,0.0,0.0,2.0,2.0,2.0,6.0,34.0,1.0,2.0,100.0,84.0,48.0,87.0,105.0,58.0,120.0,43.0,,http://www.onthesnow.com/pennsylvania/blue-knob/ski-resort.html,68.0,,42.0,,,,,,,
Blue Mountain Resort,Pennsylvania,United States,1600.0,1082.0,460.0,0.0,0.0,1.0,1.0,1.0,1.0,3.0,9.0,16.0,40.0,5.0,12.0,171.0,164.0,48.0,122.0,107.0,44.0,33.0,55.0,,http://www.onthesnow.com/pennsylvania/blue-mountain-ski-area/ski-resort.html,65.0,,164.0,,,,,,,
Boston Mills,Ohio,United States,871.0,264.0,631.0,0.0,,0.0,0.0,0.0,4.0,2.0,2.0,8.0,7.0,2.0,3.0,40.0,40.0,48.0,92.0,85.0,58.0,51.0,44.0,,http://www.onthesnow.com/ohio/boston-mills/ski-resort.html,44.0,,40.0,Check fast eight lift info.,,,,,,
Bousquet Ski Area,Massachusetts,United States,1875.0,750.0,1125.0,0.0,,0.0,0.0,0.0,0.0,3.0,2.0,5.0,23.0,1.0,1.0,200.0,98.0,48.0,,,21.0,83.0,25.0,,http://www.onthesnow.com/massachusetts/bousquet-ski-area/ski-resort.html,49.0,,100.0,Check fast eight lift info.,,,Check days info,,,
Boyne Highlands,Michigan,United States,1290.0,552.0,745.0,0.0,,0.0,1.0,3.0,4.0,0.0,2.0,10.0,55.0,4.0,12.0,435.0,400.0,48.0,97.0,133.0,58.0,140.0,,Check adult weekday price info.,http://www.onthesnow.com/michigan/boyne-highlands/ski-resort.html,,Check adult weekday price info.,150.0,Check fast eight lift info.,,,,,,
Bradford Ski Area,Massachusetts,United States,1548.0,248.0,1300.0,0.0,,0.0,0.0,0.0,2.0,0.0,8.0,10.0,15.0,1.0,3.0,48.0,48.0,48.0,,,73.0,,37.0,,http://www.onthesnow.com/massachusetts/bradford-ski-area/ski-resort.html,55.0,,,Check fast eight lift info.,,,Check days info,,Check snowfall info.,
Brandywine,Ohio,United States,871.0,240.0,631.0,0.0,,0.0,0.0,2.0,2.0,1.0,2.0,7.0,11.0,2.0,3.0,85.0,85.0,48.0,92.0,78.0,58.0,51.0,44.0,,http://www.onthesnow.com/ohio/brandywine/ski-resort.html,44.0,,85.0,Check fast eight lift info.,,,,,,
Brantling Ski Slopes,New York,United States,850.0,250.0,600.0,0.0,,0.0,0.0,0.0,0.0,0.0,5.0,5.0,10.0,,1.0,20.0,16.0,48.0,,,21.0,110.0,32.0,,http://www.onthesnow.com/new-york/brantling-ski-slopes/ski-resort.html,32.0,,,Check fast eight lift info.,,,Check days info,,,
Bryce Resort,Virginia,United States,1750.0,500.0,1250.0,0.0,,0.0,0.0,1.0,0.0,1.0,5.0,7.0,8.0,,4.0,25.0,25.0,48.0,100.0,95.0,56.0,30.0,43.0,,http://www.onthesnow.com/virginia/bryce-resort/ski-resort.html,68.0,,20.0,Check fast eight lift info.,,,,,,
Buena Vista Ski Area,Minnesota,United States,1510.0,230.0,1280.0,0.0,,0.0,0.0,0.0,2.0,2.0,2.0,6.0,17.0,,3.0,30.0,30.0,48.0,57.0,60.0,72.0,78.0,44.0,,http://www.onthesnow.com/minnesota/buena-vista-ski-area/ski-resort.html,44.0,,30.0,Check fast eight lift info.,,,,,,
Ski Butternut,Massachusetts,United States,1800.0,1000.0,800.0,0.0,0.0,0.0,0.0,3.0,1.0,1.0,5.0,10.0,22.0,2.0,15.0,100.0,100.0,48.0,107.0,110.0,58.0,115.0,25.0,,http://www.onthesnow.com/massachusetts/ski-butternut/ski-resort.html,60.0,,,,,14.0,,,,
Caberfae Peaks,Michigan,United States,1569.0,485.0,1060.0,0.0,,0.0,0.0,1.0,2.0,1.0,1.0,5.0,34.0,4.0,12.0,200.0,200.0,48.0,118.0,130.0,84.0,140.0,39.0,,http://www.onthesnow.com/michigan/caberfae-peaks-ski-golf-resort/ski-resort.html,49.0,,150.0,Check fast eight lift info.,,,,,,
Camden Snow Bowl,Maine,United States,1080.0,850.0,150.0,0.0,,0.0,0.0,0.0,1.0,1.0,1.0,3.0,20.0,2.0,1.0,100.0,48.0,48.0,68.0,70.0,85.0,69.0,33.0,,http://www.onthesnow.com/maine/camden-snow-bowl/ski-resort.html,43.0,,48.0,Check fast eight lift info.,,,,,,
Campgaw Mountain,New Jersey,United States,726.0,274.0,450.0,0.0,,0.0,0.0,0.0,0.0,2.0,3.0,5.0,12.0,1.0,3.0,23.0,23.0,48.0,80.0,,60.0,45.0,,Check adult weekday price info.,http://www.onthesnow.com/new-jersey/campgaw-mountain/ski-resort.html,,Check adult weekday price info.,14.0,Check fast eight lift info.,,,Check days info,,,
Cascade Mountain,Wisconsin,United States,1280.0,460.0,820.0,0.0,,0.0,2.0,2.0,2.0,2.0,3.0,11.0,47.0,3.0,11.0,175.0,175.0,48.0,120.0,120.0,59.0,56.0,,Check adult weekday price info.,http://www.onthesnow.com/wisconsin/cascade-mountain/ski-resort.html,,Check adult weekday price info.,,Check fast eight lift info.,,,,,,
Cataloochee Ski Area,North Carolina,United States,5400.0,740.0,4660.0,0.0,0.0,0.0,0.0,1.0,1.0,1.0,2.0,5.0,18.0,2.0,1.0,50.0,50.0,48.0,141.0,108.0,60.0,50.0,43.0,,http://www.onthesnow.com/north-carolina/cataloochee-ski-area/ski-resort.html,70.0,,50.0,,,6.0,,99.0,,
Chestnut Mountain Resort,Illinois,United States,1040.0,475.0,565.0,0.0,,0.0,0.0,2.0,4.0,0.0,4.0,10.0,19.0,3.0,2.0,139.0,139.0,48.0,87.0,112.0,62.0,50.0,45.0,,http://www.onthesnow.com/illinois/chestnut-mountain-resort/ski-resort.html,60.0,,139.0,Check fast eight lift info.,,,,,,
Christie Mountain,Wisconsin,United States,1650.0,350.0,1300.0,0.0,,0.0,0.0,0.0,0.0,1.0,5.0,6.0,30.0,4.0,8.0,45.0,41.0,48.0,92.0,120.0,45.0,48.0,,,http://www.onthesnow.com/wisconsin/christie-mountain/ski-resort.html,42.0,Check adult weekday price info.,35.0,Check fast eight lift info.,,,,,,
Christmas Mountain,Wisconsin,United States,1250.0,250.0,1000.0,0.0,,0.0,0.0,1.0,0.0,0.0,2.0,3.0,16.0,,4.0,40.0,40.0,48.0,75.0,70.0,52.0,20.0,,Check adult weekday price info.,http://www.onthesnow.com/wisconsin/christmas-mountain/ski-resort.html,,Check adult weekday price info.,40.0,Check fast eight lift info.,,,,,,
Dartmouth Skiway,New Hampshire,United States,1943.0,969.0,974.0,0.0,0.0,0.0,0.0,1.0,0.0,1.0,2.0,4.0,28.0,1.0,11.0,107.0,54.0,48.0,104.0,105.0,65.0,100.0,50.0,,http://www.onthesnow.com/new-hampshire/dartmouth-skiway/ski-resort.html,50.0,,,,,,,,,
Devils Head,Wisconsin,United States,995.0,500.0,495.0,0.0,,0.0,0.0,5.0,1.0,1.0,2.0,9.0,23.0,7.0,1.0,260.0,260.0,48.0,110.0,135.0,50.0,45.0,45.0,,http://www.onthesnow.com/wisconsin/devils-head/ski-resort.html,65.0,,200.0,Check fast eight lift info.,,,,,,
Dry Hill Ski Area,New York,United States,950.0,300.0,650.0,0.0,,0.0,0.0,0.0,0.0,1.0,2.0,3.0,7.0,1.0,2.0,35.0,26.0,48.0,,,57.0,125.0,,,http://www.onthesnow.com/new-york/dry-hill-ski-area/ski-resort.html,35.0,Check adult weekday price info.,26.0,Check fast eight lift info.,,,Check days info,,,
Eagle Rock,Pennsylvania,United States,1810.0,550.0,1260.0,0.0,,0.0,0.0,0.0,0.0,3.0,0.0,3.0,14.0,1.0,1.0,,,48.0,,40.0,49.0,,,Check adult weekday price info.,http://www.onthesnow.com/pennsylvania/eagle-rock/ski-resort.html,,Check adult weekday price info.,,Check fast eight lift info.,,,Check days info,,Check snowfall info.,
Eaglecrest Ski Area,Alaska,United States,2600.0,1540.0,1200.0,0.0,0.0,0.0,0.0,0.0,0.0,4.0,0.0,4.0,37.0,1.0,2.0,640.0,60.0,48.0,45.0,90.0,46.0,350.0,47.0,,http://www.onthesnow.com/alaska/eaglecrest-ski-area/ski-resort.html,53.0,,,,,,,,,
Elk Mountain Ski Resort,Pennsylvania,United States,2693.0,1000.0,1693.0,0.0,,0.0,0.0,1.0,0.0,5.0,1.0,7.0,27.0,2.0,7.0,180.0,146.0,48.0,,100.0,62.0,60.0,55.0,,http://www.onthesnow.com/pennsylvania/elk-mountain-ski-resort/ski-resort.html,69.0,,90.0,Check fast eight lift info.,,,Check days info,,,
Grand Geneva,Wisconsin,United States,1086.0,211.0,875.0,0.0,,0.0,0.0,0.0,0.0,3.0,3.0,6.0,20.0,1.0,2.0,30.0,30.0,48.0,90.0,93.0,27.0,25.0,28.0,,http://www.onthesnow.com/wisconsin/grand-geneva/ski-resort.html,49.0,,30.0,Check fast eight lift info.,,,,,,
Greek Peak,New York,United States,2100.0,952.0,1148.0,0.0,0.0,0.0,0.0,1.0,1.0,4.0,2.0,8.0,55.0,4.0,15.0,220.0,184.0,48.0,110.0,113.0,64.0,122.0,49.0,,http://www.onthesnow.com/new-york/greek-peak/ski-resort.html,63.2,,175.0,,,,,,,
Hidden Valley Ski Area,Missouri,United States,2566.0,310.0,2316.0,0.0,0.0,0.0,0.0,2.0,2.0,0.0,3.0,7.0,15.0,2.0,1.0,30.0,30.0,48.0,,,39.0,26.0,49.0,,http://www.onthesnow.com/missouri/hidden-valley-ski-area/ski-resort.html,49.0,,17.0,,,,Check days info,,,
Howelsen Hill,Colorado,United States,7136.0,440.0,6696.0,0.0,,0.0,0.0,0.0,0.0,1.0,3.0,4.0,17.0,1.0,6.0,50.0,25.0,48.0,100.0,100.0,106.0,150.0,25.0,,http://www.onthesnow.com/colorado/howelsen-hill/ski-resort.html,25.0,,10.0,Check fast eight lift info.,,,,,,
Jack Frost,Pennsylvania,United States,2000.0,600.0,1400.0,0.0,,0.0,0.0,1.0,2.0,5.0,1.0,9.0,18.0,1.0,1.0,100.0,100.0,48.0,96.0,105.0,49.0,50.0,50.0,,http://www.onthesnow.com/pennsylvania/jack-frost/ski-resort.html,65.0,,,Check fast eight lift info.,,,,,,
Kelly Canyon Ski Area,Idaho,United States,6600.0,1000.0,5600.0,0.0,,0.0,0.0,0.0,0.0,4.0,2.0,6.0,51.0,1.0,13.0,740.0,,48.0,,,64.0,200.0,,,http://www.onthesnow.com/idaho/kelly-canyon-ski-area/ski-resort.html,42.0,Check adult weekday price info.,,Check fast eight lift info.,,,Check days info,,,
King Pine,New Hampshire,United States,850.0,350.0,500.0,0.0,,0.0,0.0,0.0,3.0,0.0,3.0,6.0,17.0,2.0,3.0,48.0,45.0,48.0,105.0,107.0,59.0,120.0,42.0,,http://www.onthesnow.com/new-hampshire/king-pine/ski-resort.html,59.0,,23.0,Check fast eight lift info.,,,,,,
Kissing Bridge,New York,United States,1700.0,550.0,1150.0,0.0,,0.0,0.0,2.0,1.0,4.0,3.0,10.0,39.0,5.0,5.0,700.0,550.0,48.0,103.0,100.0,61.0,120.0,45.0,,http://www.onthesnow.com/new-york/kissing-bridge/ski-resort.html,65.0,,650.0,Check fast eight lift info.,,,,,,
Labrador Mt.,New York,United States,1825.0,700.0,1125.0,0.0,,0.0,0.0,0.0,1.0,2.0,1.0,4.0,23.0,1.0,1.0,250.0,237.0,48.0,,100.0,64.0,125.0,59.0,,http://www.onthesnow.com/new-york/labrador-mt/ski-resort.html,59.0,,180.0,Check fast eight lift info.,,,Check days info,,,
Lost Valley,Maine,United States,495.0,240.0,255.0,0.0,,0.0,0.0,0.0,0.0,2.0,2.0,4.0,31.0,3.0,3.0,45.0,45.0,48.0,87.0,104.0,60.0,50.0,34.0,,http://www.onthesnow.com/maine/lost-valley/ski-resort.html,60.0,,45.0,Check fast eight lift info.,,,,,,
Mad River Mountain,Ohio,United States,1460.0,300.0,1160.0,0.0,,0.0,0.0,1.0,2.0,3.0,6.0,12.0,20.0,4.0,5.0,144.0,144.0,48.0,99.0,90.0,59.0,36.0,39.0,,http://www.onthesnow.com/ohio/mad-river-mountain/ski-resort.html,44.0,,144.0,Check fast eight lift info.,,,,,,
Magic Mountain Ski Area,Idaho,United States,7200.0,700.0,6500.0,0.0,,0.0,0.0,0.0,0.0,1.0,2.0,3.0,11.0,,15.0,280.0,,48.0,65.0,70.0,83.0,180.0,32.0,,http://www.onthesnow.com/idaho/magic-mountain-ski-area/ski-resort.html,32.0,,,Check fast eight lift info.,,,,,,
Marquette Mountain,Michigan,United States,1357.0,600.0,757.0,0.0,,0.0,0.0,0.0,1.0,2.0,1.0,4.0,25.0,3.0,7.0,169.0,143.0,48.0,139.0,135.0,62.0,210.0,,Check adult weekday price info.,http://www.onthesnow.com/michigan/marquette-mountain/ski-resort.html,,Check adult weekday price info.,89.0,Check fast eight lift info.,,,,,,
Massanutten,Virginia,United States,2925.0,1110.0,1750.0,0.0,,0.0,0.0,3.0,1.0,0.0,3.0,7.0,12.0,4.0,8.0,70.0,70.0,48.0,68.0,97.0,48.0,35.0,55.0,,http://www.onthesnow.com/virginia/massanutten/ski-resort.html,79.0,,70.0,Check fast eight lift info.,,,,,,
McCauley Mountain Ski Center,New York,United States,2250.0,633.0,1563.0,0.0,0.0,0.0,0.0,0.0,0.0,1.0,4.0,5.0,23.0,1.0,3.0,70.0,55.0,48.0,105.0,105.0,63.0,200.0,20.0,,http://www.onthesnow.com/new-york/mccauley-mountain-ski-center/ski-resort.html,30.0,,,,,,,,,
Mohawk Mountain,Connecticut,United States,1600.0,650.0,950.0,0.0,,0.0,0.0,0.0,5.0,0.0,3.0,8.0,25.0,,15.0,107.0,100.0,48.0,,111.0,74.0,92.0,32.0,,http://www.onthesnow.com/connecticut/mohawk-mountain/ski-resort.html,67.0,,64.0,Check fast eight lift info.,,,Check days info,,,
Mt. Abram Ski Resort,Maine,United States,2250.0,1150.0,1050.0,0.0,0.0,0.0,0.0,0.0,0.0,2.0,3.0,5.0,54.0,1.0,5.0,640.0,175.0,48.0,120.0,120.0,61.0,125.0,29.0,,http://www.onthesnow.com/maine/mt-abram-ski-resort/ski-resort.html,49.0,,,,,,,,,
Mount Kato Ski Area,Minnesota,United States,540.0,240.0,300.0,0.0,,0.0,0.0,5.0,0.0,3.0,2.0,10.0,19.0,4.0,1.0,55.0,55.0,48.0,115.0,120.0,45.0,50.0,34.0,,http://www.onthesnow.com/minnesota/mount-kato-ski-area/ski-resort.html,46.0,,50.0,Check fast eight lift info.,,,,,,
Mount Southington Ski Area,Connecticut,United States,525.0,425.0,100.0,0.0,,0.0,0.0,0.0,2.0,2.0,3.0,7.0,14.0,2.0,3.0,51.0,51.0,48.0,63.0,95.0,57.0,80.0,60.0,,http://www.onthesnow.com/connecticut/mount-southington-ski-area/ski-resort.html,60.0,,51.0,Check fast eight lift info.,,,,,,
Mt. Brighton,Michigan,United States,1330.0,230.0,1100.0,0.0,,0.0,0.0,2.0,3.0,0.0,8.0,13.0,25.0,5.0,1.0,130.0,130.0,48.0,111.0,99.0,61.0,60.0,94.0,,http://www.onthesnow.com/michigan/mount-brighton/ski-resort.html,94.0,,130.0,Check fast eight lift info.,,,,,,
Mt. Holiday Ski Area,Michigan,United States,440.0,200.0,240.0,0.0,,0.0,0.0,0.0,0.0,2.0,2.0,4.0,12.0,,1.0,45.0,45.0,48.0,100.0,90.0,72.0,120.0,22.0,,http://www.onthesnow.com/michigan/mount-holiday-ski-area/ski-resort.html,34.0,,45.0,Check fast eight lift info.,,,,,,
Mount Holly,Michigan,United States,1105.0,350.0,755.0,0.0,0.0,0.0,1.0,2.0,3.0,1.0,6.0,13.0,20.0,,1.0,100.0,100.0,48.0,,102.0,65.0,42.0,37.0,,http://www.onthesnow.com/michigan/mount-holly/ski-resort.html,45.0,,100.0,,,,Check days info,,,
Mt. Jefferson,Maine,United States,753.0,432.0,351.0,0.0,,0.0,0.0,0.0,0.0,0.0,3.0,3.0,12.0,,3.0,12.0,,48.0,,,21.0,,,Check adult weekday price info.,http://www.onthesnow.com/maine/mt-jefferson/ski-resort.html,,Check adult weekday price info.,,Check fast eight lift info.,,,Check days info,,Check snowfall info.,
Mount Peter Ski Area,New York,United States,1250.0,450.0,750.0,0.0,,0.0,0.0,1.0,0.0,2.0,2.0,5.0,18.0,1.0,1.0,69.0,69.0,48.0,100.0,100.0,85.0,50.0,35.0,,http://www.onthesnow.com/new-york/mount-peter-ski-area/ski-resort.html,54.0,,69.0,Check fast eight lift info.,,,,,,
Nashoba Valley,Massachusetts,United States,440.0,240.0,200.0,0.0,,0.0,0.0,0.0,3.0,1.0,7.0,11.0,17.0,2.0,5.0,52.0,52.0,48.0,112.0,126.0,57.0,55.0,,Check adult weekday price info.,http://www.onthesnow.com/massachusetts/nashoba-valley/ski-resort.html,,Check adult weekday price info.,52.0,Check fast eight lift info.,,,,,,
New Hermon Mountain,Maine,United States,450.0,350.0,100.0,0.0,,0.0,0.0,0.0,0.0,1.0,2.0,3.0,20.0,,19.0,70.0,70.0,48.0,102.0,117.0,57.0,90.0,32.0,,http://www.onthesnow.com/maine/new-hermon-mountain/ski-resort.html,32.0,,45.0,Check fast eight lift info.,,,,,,
Nordic Mountain,Wisconsin,United States,1137.0,265.0,872.0,0.0,,0.0,0.0,0.0,1.0,1.0,5.0,7.0,18.0,4.0,1.0,60.0,60.0,48.0,95.0,90.0,45.0,60.0,,,http://www.onthesnow.com/wisconsin/nordic-mountain/ski-resort.html,39.0,Check adult weekday price info.,60.0,Check fast eight lift info.,,,,,,
Nordic Valley Resort,Utah,United States,6400.0,960.0,5440.0,0.0,0.0,1.0,0.0,0.0,0.0,3.0,1.0,5.0,36.0,1.0,4.0,300.0,,48.0,105.0,105.0,53.0,300.0,45.0,,http://www.onthesnow.com/utah/wolf-creek/ski-resort.html,50.0,,,,,,,,,
Norway Mountain,Michigan,United States,1335.0,500.0,835.0,0.0,,0.0,0.0,0.0,1.0,2.0,3.0,6.0,17.0,1.0,14.0,186.0,186.0,48.0,110.0,110.0,47.0,100.0,,,http://www.onthesnow.com/michigan/norway-mountain/ski-resort.html,45.0,Check adult weekday price info.,40.0,Check fast eight lift info.,,,,,,
Ober Gatlinburg Ski Resort,Tennessee,United States,3300.0,600.0,2700.0,0.0,,0.0,0.0,2.0,0.0,1.0,1.0,4.0,10.0,1.0,1.0,,,48.0,83.0,94.0,46.0,35.0,36.0,,http://www.onthesnow.com/tennessee/ober-gatlinburg-ski-resort/ski-resort.html,65.0,,,Check fast eight lift info.,,,,,,
Paoli Peaks,Indiana,United States,900.0,300.0,600.0,0.0,0.0,0.0,1.0,1.0,3.0,1.0,2.0,8.0,15.0,2.0,4.0,65.0,65.0,48.0,75.0,49.0,43.0,18.0,38.0,,http://www.onthesnow.com/indiana/paoli-peaks/ski-resort.html,45.0,,65.0,,,,,,,
Pats Peak,New Hampshire,United States,1460.0,770.0,690.0,0.0,,0.0,0.0,0.0,4.0,2.0,5.0,11.0,28.0,3.0,15.0,115.0,115.0,48.0,116.0,116.0,58.0,100.0,69.0,,http://www.onthesnow.com/new-hampshire/pats-peak/ski-resort.html,79.0,,93.0,Check fast eight lift info.,,,,,,
Peek'n Peak,New York,United States,1800.0,400.0,1400.0,0.0,,0.0,0.0,0.0,8.0,0.0,2.0,10.0,27.0,4.0,24.0,110.0,110.0,48.0,110.0,,57.0,225.0,49.0,,http://www.onthesnow.com/new-york/peekn-peak/ski-resort.html,63.0,,110.0,Check fast eight lift info.,,,Check days info,,,
Perfect North Slopes,Indiana,United States,800.0,400.0,400.0,0.0,,0.0,0.0,2.0,3.0,0.0,7.0,12.0,22.0,2.0,1.0,100.0,100.0,48.0,82.0,90.0,41.0,24.0,52.0,,http://www.onthesnow.com/indiana/perfect-north-slopes/ski-resort.html,52.0,,100.0,Check fast eight lift info.,,,,,,
Pine Mountain,Michigan,United States,1650.0,500.0,1150.0,0.0,0.0,0.0,0.0,0.0,1.0,2.0,1.0,4.0,35.0,2.0,5.0,220.0,220.0,48.0,110.0,87.0,82.0,60.0,49.0,,http://www.onthesnow.com/michigan/pine-mountain/ski-resort.html,49.0,,80.0,,,,,,,
Pomerelle Mountain Resort,Idaho,United States,9000.0,1000.0,8000.0,0.0,,0.0,0.0,0.0,1.0,1.0,1.0,3.0,24.0,2.0,15.0,500.0,50.0,48.0,138.0,138.0,58.0,500.0,,Check adult weekday price info.,http://www.onthesnow.com/idaho/pomerelle-mountain-resort/ski-resort.html,,Check adult weekday price info.,100.0,Check fast eight lift info.,,,,,,
Powder Ridge Ski Area,Minnesota,United States,790.0,300.0,500.0,0.0,,0.0,0.0,0.0,2.0,2.0,3.0,7.0,20.0,5.0,5.0,60.0,60.0,48.0,111.0,110.0,60.0,45.0,36.0,,http://www.onthesnow.com/minnesota/powder-ridge-ski-area/ski-resort.html,48.0,,60.0,Check fast eight lift info.,,,,,,
Red River,New Mexico,United States,10350.0,1600.0,8750.0,0.0,0.0,0.0,0.0,1.0,3.0,1.0,2.0,7.0,64.0,3.0,25.0,209.0,,48.0,110.0,,62.0,214.0,90.0,,http://www.onthesnow.com/new-mexico/red-river/ski-resort.html,90.0,,,,,,Check days info,,,
Sandia Peak,New Mexico,United States,10378.0,1700.0,8678.0,0.0,,0.0,0.0,0.0,0.0,3.0,1.0,4.0,35.0,1.0,2.0,200.0,30.0,48.0,32.0,38.0,84.0,100.0,55.0,,http://www.onthesnow.com/new-mexico/sandia-peak/ski-resort.html,55.0,,,Check fast eight lift info.,,,,,,
Sapphire Valley,North Carolina,United States,3450.0,250.0,3200.0,0.0,,0.0,0.0,1.0,0.0,0.0,2.0,3.0,2.0,,1.0,8.0,8.0,48.0,53.0,60.0,57.0,24.0,,Check adult weekday price info.,http://www.onthesnow.com/north-carolina/sapphire-valley/ski-resort.html,,Check adult weekday price info.,8.0,Check fast eight lift info.,4.0,,,,,
Shawnee Mountain Ski Area,Pennsylvania,United States,1350.0,700.0,650.0,0.0,0.0,0.0,1.0,1.0,0.0,3.0,4.0,9.0,23.0,2.0,16.0,125.0,125.0,48.0,111.0,122.0,46.0,50.0,58.0,,http://www.onthesnow.com/pennsylvania/shawnee-mountain-ski-area/ski-resort.html,80.0,,120.0,,,,,,,
Ski Granby Ranch,Colorado,United States,9202.0,1000.0,8202.0,0.0,0.0,0.0,2.0,0.0,1.0,1.0,1.0,5.0,41.0,2.0,13.0,406.0,170.0,48.0,116.0,92.0,38.0,220.0,84.0,,http://www.onthesnow.com/colorado/ski-granby-ranch/ski-resort.html,84.0,,100.0,,,,,,,
Ski Apache,New Mexico,United States,11500.0,1900.0,9600.0,1.0,,0.0,0.0,2.0,5.0,0.0,3.0,11.0,17.0,3.0,2.0,750.0,270.0,48.0,133.0,124.0,60.0,185.0,74.0,,http://www.onthesnow.com/new-mexico/ski-apache/ski-resort.html,74.0,,,Check fast eight lift info.,,,,,,
Beech Mountain Resort,North Carolina,United States,5506.0,830.0,4675.0,0.0,0.0,0.0,0.0,3.0,0.0,3.0,2.0,8.0,17.0,1.0,1.0,95.0,95.0,48.0,98.0,,54.0,31.0,41.0,,http://www.onthesnow.com/north-carolina/ski-beech-mountain-resort/ski-resort.html,68.0,,95.0,,,,Check days info,,,
Liberty,Pennsylvania,United States,1190.0,620.0,570.0,0.0,0.0,0.0,0.0,5.0,0.0,0.0,2.0,7.0,21.0,3.0,1.0,100.0,100.0,48.0,,,56.0,31.0,,Check adult weekday price info.,http://www.onthesnow.com/pennsylvania/liberty/ski-resort.html,,Check adult weekday price info.,100.0,,,,Check days info,,,
Roundtop Mountain Resort,Pennsylvania,United States,1400.0,600.0,800.0,0.0,0.0,0.0,0.0,3.0,2.0,0.0,4.0,9.0,19.0,2.0,4.0,103.0,103.0,48.0,,,57.0,30.0,63.0,,http://www.onthesnow.com/pennsylvania/roundtop-mountain-resort/ski-resort.html,73.0,,100.0,,,,Check days info,,,
Ski Sawmill,Pennsylvania,United States,2215.0,515.0,1700.0,0.0,0.0,0.0,0.0,0.0,1.0,1.0,3.0,5.0,13.0,1.0,1.0,15.0,13.0,48.0,,90.0,52.0,24.0,32.0,,http://www.onthesnow.com/pennsylvania/ski-sawmill/ski-resort.html,48.0,,15.0,,,,Check days info,,,
Ski Snowstar Winter Sports Park,Illinois,United States,790.0,262.0,528.0,0.0,,0.0,0.0,2.0,0.0,2.0,2.0,6.0,15.0,1.0,8.0,28.0,28.0,48.0,56.0,86.0,40.0,38.0,25.0,,http://www.onthesnow.com/illinois/ski-snowstar-winter-sports-park/ski-resort.html,35.0,,28.0,Check fast eight lift info.,,,,,,
Ski Sundown,Connecticut,United States,1075.0,625.0,450.0,0.0,0.0,0.0,0.0,0.0,3.0,0.0,2.0,5.0,16.0,2.0,1.0,70.0,70.0,48.0,84.0,95.0,52.0,45.0,62.0,,http://www.onthesnow.com/connecticut/ski-sundown/ski-resort.html,62.0,,66.0,,,,,,,
Windham Mountain,New York,United States,3100.0,1600.0,1500.0,0.0,0.0,1.0,2.0,0.0,2.0,1.0,5.0,11.0,54.0,6.0,2.0,285.0,280.0,48.0,131.0,127.0,61.0,105.0,,Check adult weekday price info.,http://www.onthesnow.com/new-york/windham-mountain/ski-resort.html,,Check adult weekday price info.,45.0,,12.0,,,,,
Snow Ridge,New York,United States,2000.0,650.0,1350.0,0.0,,0.0,0.0,0.0,0.0,4.0,2.0,6.0,24.0,2.0,8.0,130.0,65.0,48.0,73.0,100.0,76.0,230.0,38.0,,http://www.onthesnow.com/new-york/snow-ridge/ski-resort.html,48.0,,40.0,Check fast eight lift info.,,,,,,
Snow Snake Mountain Ski Area,Michigan,United States,1230.0,210.0,1020.0,0.0,,0.0,0.0,0.0,1.0,0.0,5.0,6.0,12.0,2.0,0.0,40.0,40.0,48.0,,,74.0,,30.0,,http://www.onthesnow.com/michigan/snow-snake-mountain-ski-area/ski-resort.html,35.0,,40.0,Check fast eight lift info.,,,Check days info,,Check snowfall info.,
Snow Trails,Ohio,United States,1475.0,301.0,1174.0,0.0,,0.0,0.0,0.0,4.0,2.0,3.0,9.0,19.0,5.0,2.0,40.0,40.0,48.0,87.0,90.0,60.0,50.0,41.0,,http://www.onthesnow.com/ohio/snow-trails/ski-resort.html,52.0,,40.0,Check fast eight lift info.,,,,,,
Snowshoe Mountain,West Virginia,United States,4848.0,1500.0,3348.0,0.0,0.0,0.0,3.0,0.0,6.0,0.0,3.0,12.0,61.0,5.0,15.0,257.0,257.0,48.0,125.0,130.0,48.0,180.0,,Check adult weekday price info.,http://www.onthesnow.com/west-virginia/snowshoe-mountain-resort/ski-resort.html,,Check adult weekday price info.,86.0,,,,,,,
Soldier Mountain Ski Area,Idaho,United States,7200.0,1400.0,5800.0,0.0,,0.0,0.0,0.0,0.0,2.0,1.0,3.0,36.0,,4.0,1142.0,,48.0,60.0,,73.0,,47.0,,http://www.onthesnow.com/idaho/soldier-mountain-ski-area/ski-resort.html,47.0,,,Check fast eight lift info.,,,Check days info,,Check snowfall info.,
Spirit Mountain,Minnesota,United States,1320.0,700.0,620.0,0.0,,0.0,1.0,1.0,2.0,1.0,2.0,7.0,22.0,3.0,1.0,175.0,175.0,48.0,100.0,125.0,47.0,100.0,59.0,,http://www.onthesnow.com/minnesota/spirit-mountain/ski-resort.html,59.0,,144.0,Check fast eight lift info.,,,,,,
Spring Mountain Ski Area,Pennsylvania,United States,528.0,450.0,78.0,0.0,0.0,0.0,0.0,0.0,1.0,3.0,2.0,6.0,9.0,1.0,2.0,45.0,45.0,48.0,100.0,100.0,58.0,20.0,,Check adult weekday price info.,http://www.onthesnow.com/pennsylvania/spring-mountain-ski-area/ski-resort.html,,Check adult weekday price info.,45.0,,,,,,,
Sugar Mountain Resort,North Carolina,United States,5300.0,1200.0,4100.0,0.0,0.0,1.0,1.0,0.0,1.0,3.0,2.0,8.0,21.0,1.0,15.0,125.0,125.0,48.0,141.0,120.0,52.0,77.0,45.0,,http://www.onthesnow.com/north-carolina/sugar-mountain-resort/ski-resort.html,75.0,,95.0,,,,,,,
Suicide Six,Vermont,United States,1200.0,650.0,550.0,0.0,,0.0,0.0,0.0,0.0,2.0,1.0,3.0,24.0,2.0,4.0,100.0,50.0,48.0,100.0,106.0,87.0,90.0,45.0,,http://www.onthesnow.com/vermont/suicide-six/ski-resort.html,75.0,,,Check fast eight lift info.,,,,,,
Sunburst,Wisconsin,United States,1100.0,214.0,866.0,0.0,0.0,0.0,0.0,0.0,0.0,3.0,7.0,10.0,11.0,3.0,5.0,37.0,37.0,48.0,99.0,115.0,61.0,50.0,33.0,,http://www.onthesnow.com/wisconsin/sunburst/ski-resort.html,44.0,,37.0,,,,,,,
Sundown Mountain,Iowa,United States,1059.0,475.0,584.0,0.0,,0.0,0.0,1.0,1.0,2.0,2.0,6.0,21.0,2.0,6.0,55.0,55.0,48.0,,,48.0,45.0,38.0,,http://www.onthesnow.com/iowa/sundown-mountain/ski-resort.html,46.0,,55.0,Check fast eight lift info.,,,Check days info,,,
Sunrise Park Resort,Arizona,United States,11100.0,1800.0,9200.0,0.0,,0.0,1.0,2.0,2.0,1.0,0.0,6.0,69.0,2.0,12.0,800.0,80.0,48.0,105.0,121.0,51.0,250.0,65.0,,http://www.onthesnow.com/arizona/sunrise-park-resort/ski-resort.html,65.0,,,Check fast eight lift info.,,,,,,
Swain,New York,United States,1970.0,650.0,1320.0,0.0,,0.0,0.0,3.0,0.0,1.0,1.0,5.0,35.0,3.0,1.0,130.0,90.0,48.0,102.0,100.0,74.0,120.0,55.0,,http://www.onthesnow.com/new-york/swain/ski-resort.html,72.0,,80.0,Check fast eight lift info.,,,,,,
Swiss Valley,Michigan,United States,1200.0,225.0,975.0,0.0,,0.0,0.0,2.0,1.0,0.0,4.0,7.0,11.0,2.0,1.0,60.0,60.0,48.0,54.0,80.0,53.0,60.0,32.0,,http://www.onthesnow.com/michigan/swiss-valley/ski-resort.html,42.0,,60.0,Check fast eight lift info.,,,,,,
Terry Peak Ski Area,South Dakota,United States,7100.0,1100.0,5900.0,0.0,,0.0,3.0,0.0,1.0,0.0,1.0,5.0,30.0,1.0,12.0,450.0,225.0,48.0,114.0,120.0,67.0,150.0,60.0,,http://www.onthesnow.com/south-dakota/terry-peak-ski-area/ski-resort.html,60.0,,,Check fast eight lift info.,,,,,,
Teton Pass Ski Resort,Montana,United States,7200.0,1010.0,6190.0,0.0,,0.0,0.0,0.0,0.0,1.0,2.0,3.0,43.0,1.0,3.0,330.0,,48.0,40.0,150.0,56.0,250.0,39.0,,http://www.onthesnow.com/montana/teton-pass-ski-area/ski-resort.html,39.0,,,Check fast eight lift info.,,,,,,
The Omni Homestead Resort,Virginia,United States,3200.0,700.0,2500.0,0.0,,0.0,0.0,0.0,0.0,1.0,1.0,2.0,10.0,,5.0,42.0,100.0,48.0,91.0,100.0,62.0,50.0,,,http://www.onthesnow.com/virginia/the-homestead-ski-area/ski-resort.html,54.0,Check adult weekday price info.,,Check fast eight lift info.,,,,,,
The Homestead,Michigan,United States,900.0,320.0,580.0,0.0,,0.0,0.0,0.0,2.0,1.0,2.0,5.0,15.0,1.0,2.0,16.0,16.0,48.0,47.0,42.0,36.0,150.0,50.0,,http://www.onthesnow.com/michigan/the-homestead/ski-resort.html,50.0,,16.0,Check fast eight lift info.,,,,,,
Thunder Ridge,New York,United States,1270.0,500.0,770.0,0.0,,0.0,0.0,0.0,1.0,2.0,3.0,6.0,30.0,,4.0,100.0,100.0,48.0,121.0,121.0,62.0,,,,http://www.onthesnow.com/new-york/thunder-ridge/ski-resort.html,57.0,Check adult weekday price info.,100.0,Check fast eight lift info.,,,,,Check snowfall info.,
Timber Ridge,Michigan,United States,850.0,250.0,600.0,0.0,,0.0,0.0,1.0,1.0,2.0,6.0,10.0,15.0,2.0,3.0,50.0,50.0,48.0,80.0,,60.0,,35.0,,http://www.onthesnow.com/michigan/timber-ridge/ski-resort.html,45.0,,50.0,Check fast eight lift info.,,,Check days info,,Check snowfall info.,
Toggenburg Mountain,New York,United States,2000.0,700.0,1300.0,0.0,,0.0,0.0,0.0,1.0,1.0,3.0,5.0,22.0,2.0,4.0,85.0,,48.0,,122.0,68.0,130.0,55.0,,http://www.onthesnow.com/new-york/toggenburg-mountain/ski-resort.html,55.0,,73.0,Check fast eight lift info.,,,Check days info,,,
Tussey Mountain,Pennsylvania,United States,1750.0,520.0,1230.0,0.0,,0.0,0.0,1.0,0.0,1.0,3.0,5.0,15.0,2.0,3.0,38.0,30.0,48.0,100.0,100.0,41.0,41.0,40.0,,http://www.onthesnow.com/pennsylvania/tussey-mountain/ski-resort.html,45.0,,30.0,Check fast eight lift info.,,,,,,
Tyrol Basin,Wisconsin,United States,1160.0,300.0,860.0,0.0,0.0,0.0,0.0,0.0,3.0,0.0,2.0,5.0,18.0,5.0,5.0,32.0,32.0,48.0,112.0,103.0,63.0,41.0,17.0,,http://www.onthesnow.com/wisconsin/tyrol-basin/ski-resort.html,48.0,,32.0,,,,,,,
Villa Olivia,Illinois,United States,500.0,180.0,320.0,0.0,,0.0,0.0,1.0,0.0,0.0,6.0,7.0,7.0,1.0,1.0,15.0,15.0,48.0,,70.0,55.0,25.0,40.0,,http://www.onthesnow.com/illinois/villa-olivia/ski-resort.html,40.0,,15.0,Check fast eight lift info.,,,Check days info,,,
White Pine Ski Area,Wyoming,United States,9500.0,1100.0,8400.0,0.0,,0.0,0.0,0.0,2.0,0.0,0.0,2.0,25.0,,4.0,370.0,,48.0,,,83.0,150.0,,,http://www.onthesnow.com/wyoming/white-pine-ski-area/ski-resort.html,49.0,Check adult weekday price info.,,Check fast eight lift info.,,,Check days info,,,
Whitecap Mountain,Wisconsin,United States,1750.0,400.0,1295.0,0.0,,0.0,0.0,0.0,1.0,4.0,0.0,5.0,43.0,2.0,1.0,400.0,150.0,48.0,105.0,118.0,59.0,200.0,60.0,,http://www.onthesnow.com/wisconsin/whitecap-mountain/ski-resort.html,60.0,,,Check fast eight lift info.,,,,,,
Whitetail Resort,Pennsylvania,United States,1800.0,935.0,865.0,0.0,,0.0,1.0,3.0,0.0,2.0,2.0,8.0,22.0,2.0,1.0,120.0,120.0,48.0,116.0,100.0,30.0,40.0,69.0,,http://www.onthesnow.com/pennsylvania/whitetail-resort/ski-resort.html,71.0,,120.0,Check fast eight lift info.,,,,,,
Wilmot Mountain,Wisconsin,United States,1030.0,230.0,800.0,0.0,,0.0,0.0,3.0,2.0,2.0,4.0,11.0,21.0,4.0,5.0,135.0,135.0,48.0,125.0,139.0,83.0,70.0,,Check adult weekday price info.,http://www.onthesnow.com/wisconsin/wilmot-mountain/ski-resort.html,,Check adult weekday price info.,135.0,Check fast eight lift info.,,,,,,
Winterplace Ski Resort,West Virginia,United States,3600.0,603.0,2997.0,0.0,,0.0,0.0,2.0,3.0,2.0,2.0,9.0,27.0,2.0,12.0,90.0,90.0,48.0,120.0,120.0,38.0,100.0,56.0,,http://www.onthesnow.com/west-virginia/winterplace-ski-resort/ski-resort.html,72.0,,74.0,Check fast eight lift info.,,,,,,
Wintergreen Resort,Virginia,United States,3515.0,1003.0,2512.0,0.0,,2.0,0.0,1.0,1.0,1.0,0.0,5.0,27.0,2.0,1.0,129.0,129.0,48.0,107.0,121.0,46.0,34.0,64.0,,http://www.onthesnow.com/virginia/wintergreen-resort/ski-resort.html,94.0,,45.0,Check fast eight lift info.,,,,,,
Wisp,Maryland,United States,3115.0,700.0,2415.0,0.0,,0.0,0.0,2.0,5.0,0.0,5.0,12.0,33.0,3.0,15.0,172.0,118.0,48.0,121.0,120.0,66.0,100.0,84.0,,http://www.onthesnow.com/maryland/wisp/ski-resort.html,89.0,,118.0,Check fast eight lift info.,,,,,,
Wolf Ridge Ski Resort,North Carolina,United States,4700.0,720.0,4000.0,0.0,,0.0,0.0,1.0,0.0,1.0,2.0,4.0,15.0,1.0,6.0,65.0,65.0,48.0,,92.0,51.0,65.0,42.0,,http://www.onthesnow.com/north-carolina/wolf-ridge-ski-resort/ski-resort.html,65.0,,60.0,Check fast eight lift info.,,,Check days info,,,
Woodbury Ski Area,Connecticut,United States,730.0,300.0,430.0,0.0,,0.0,0.0,0.0,0.0,1.0,4.0,5.0,12.0,2.0,2.0,50.0,50.0,48.0,126.0,180.0,59.0,70.0,42.0,,http://www.onthesnow.com/connecticut/woodbury-ski-area/ski-resort.html,42.0,,35.0,Check fast eight lift info.,,,,,,
Yawgoo Valley,United States,New England,315.0,245.0,70.0,0.0,,0.0,0.0,0.0,0.0,2.0,2.0,4.0,13.0,1.0,2.0,30.0,30.0,48.0,100.0,100.0,56.0,40.0,30.0,,http://www.onthesnow.com/rhode-island/yawgoo-valley/ski-resort.html,50.0,,30.0,Check fast eight lift info.,,,,,,
Canaan Valley Resort,West Virginia,United States,4280.0,850.0,3430.0,0.0,,0.0,0.0,1.0,2.0,0.0,1.0,4.0,47.0,1.0,12.0,95.0,75.0,48.0,,93.0,50.0,160.0,52.0,,http://www.onthesnow.com/west-virginia/canaan-valley-resort/ski-resort.html,68.0,,,Check fast eight lift info.,,,Check days info,,,
Cooper Spur,Mt. Hood,Oregon,4000.0,350.0,3500.0,0.0,,0.0,0.0,0.0,0.0,1.0,1.0,2.0,10.0,,1.0,50.0,,48.0,78.0,90.0,68.0,100.0,39.0,,http://www.onthesnow.com/oregon/cooper-spur/ski-resort.html,39.0,,,Check fast eight lift info.,,,,,,
Blue Hills Ski Area,Massachusetts,United States,635.0,309.0,326.0,0.0,0.0,0.0,0.0,0.0,0.0,1.0,3.0,4.0,16.0,1.0,,60.0,60.0,48.0,,,21.0,,40.0,,http://www.onthesnow.com/massachusetts/blue-hills-ski-area/ski-resort.html,45.0,,,,,,Check days info,,Check snowfall info.,
Ski Big Bear,Pennsylvania,United States,1250.0,650.0,600.0,0.0,0.0,0.0,0.0,0.0,0.0,4.0,3.0,7.0,18.0,1.0,1.0,26.0,26.0,48.0,75.0,,45.0,55.0,50.0,,http://www.onthesnow.com/pennsylvania/big-bear/ski-resort.html,62.0,,26.0,,,,Check days info,,,
Snow Creek,Missouri,United States,1100.0,300.0,800.0,0.0,,0.0,0.0,0.0,2.0,1.0,3.0,6.0,12.0,2.0,3.0,30.0,30.0,48.0,69.0,85.0,35.0,20.0,37.0,,http://www.onthesnow.com/missouri/snow-creek/ski-resort.html,47.0,,30.0,Check fast eight lift info.,4.0,1.0,,1.0,,
Crotched Mountain,New Hampshire,United States,2066.0,1016.0,1050.0,0.0,0.0,0.0,1.0,1.0,1.0,1.0,1.0,5.0,23.0,3.0,12.0,100.0,100.0,48.0,105.0,100.0,18.0,105.0,55.0,,http://www.onthesnow.com/new-hampshire/crotched-mountain/ski-resort.html,69.0,,100.0,,,,,,,
Tamarack Resort,Idaho,United States,7700.0,2800.0,4900.0,0.0,1.0,0.0,2.0,2.0,0.0,0.0,2.0,7.0,48.0,3.0,15.0,1100.0,200.0,48.0,,150.0,17.0,300.0,71.0,,http://www.onthesnow.com/idaho/tamarack-resort/ski-resort.html,71.0,,,,,,Check days info,,,
Spout Springs,Oregon,United States,5500.0,610.0,4850.0,0.0,,0.0,0.0,0.0,0.0,2.0,2.0,4.0,14.0,,1.0,200.0,,48.0,117.0,125.0,21.0,118.0,,Check adult weekday price info.,http://www.onthesnow.com/oregon/spout-springs/ski-resort.html,,Check adult weekday price info.,100.0,Check fast eight lift info.,,,,,,
Buffalo Ski Club Ski Area,New York,United States,3429.0,500.0,2025.0,0.0,0.0,0.0,0.0,0.0,0.0,2.0,4.0,6.0,43.0,1.0,,225.0,150.0,48.0,,,14.0,,35.0,,http://www.onthesnow.com/new-york/buffalo-ski-club-ski-area/ski-resort.html,50.0,,100.0,,,,Check days info,,Check snowfall info.,
Deer Mountain Ski Resort,South Dakota,United States,6850.0,940.0,6040.0,0.0,0.0,0.0,0.0,0.0,1.0,1.0,2.0,4.0,63.0,2.0,16.0,500.0,50.0,48.0,69.0,81.0,53.0,200.0,45.0,,http://www.onthesnow.com/south-dakota/ski-mystic-at-deer-mountain/ski-resort.html,45.0,,,,,,,,,
Ski Ward,Massachusetts,United States,420.0,210.0,210.0,0.0,0.0,0.0,0.0,0.0,1.0,0.0,3.0,4.0,9.0,1.0,2.0,45.0,45.0,48.0,105.0,120.0,52.0,80.0,,Check adult weekday price info.,http://www.onthesnow.com/massachusetts/ski-ward/ski-resort.html,,Check adult weekday price info.,38.0,,,,,,,
Elm Creek Winter Recreation Area,Minnesota,United States,928.0,60.0,868.0,0.0,,0.0,0.0,0.0,0.0,0.0,3.0,3.0,6.0,,1.0,15.0,20.0,48.0,105.0,102.0,15.0,45.0,17.0,,http://www.onthesnow.com/minnesota/elm-creek/ski-resort.html,17.0,,15.0,Check fast eight lift info.,,,,,,
Mulligan's Hollow Ski Bowl,Michigan,United States,700.0,130.0,570.0,0.0,,0.0,0.0,0.0,0.0,0.0,5.0,5.0,6.0,,2.0,10.0,10.0,48.0,,,21.0,60.0,15.0,,http://www.onthesnow.com/michigan/mulligans-hollow-ski-bowl/ski-resort.html,20.0,,10.0,Check fast eight lift info.,,,Check days info,,,
Sleeping Giant Ski Resort,Wyoming,United States,7428.0,810.0,6619.0,0.0,0.0,0.0,0.0,0.0,1.0,1.0,1.0,3.0,48.0,1.0,1.0,184.0,18.0,48.0,61.0,77.0,83.0,310.0,42.0,,http://www.onthesnow.com/wyoming/sleeping-giant-ski-resort/ski-resort.html,42.0,,,,149.0,,,,,
Elko SnoBowl,Nevada,United States,7000.0,700.0,6300.0,0.0,,0.0,0.0,0.0,0.0,1.0,1.0,2.0,10.0,,1.0,60.0,2.0,48.0,19.0,30.0,25.0,24.0,20.0,,http://www.onthesnow.com/nevada/elko-snobowl/ski-resort.html,20.0,,,Check fast eight lift info.,,,,,,
Eagle Point,Utah,United States,10600.0,1500.0,9100.0,0.0,0.0,0.0,0.0,1.0,1.0,2.0,1.0,5.0,40.0,1.0,9.0,650.0,,48.0,,109.0,11.0,400.0,39.0,,http://www.onthesnow.com/utah/eagle-point/ski-resort.html,65.0,,,,,,Check days info,,,
Pine Knob Ski Resort,Michigan,United States,1308.0,300.0,1009.0,0.0,0.0,0.0,0.0,0.0,0.0,0.0,13.0,13.0,17.0,3.0,1.0,80.0,80.0,48.0,,,2021.0,,49.0,,http://www.onthesnow.com/michigan/pine-knob-ski-resort/ski-resort.html,57.0,,,,,,Check days info,,Check snowfall info.,
Whaleback Mountain,New Hampshire,United States,1800.0,700.0,1100.0,0.0,,0.0,0.0,0.0,0.0,1.0,3.0,4.0,30.0,1.0,1.0,85.0,60.0,48.0,105.0,105.0,66.0,110.0,30.0,,http://www.onthesnow.com/new-hampshire/whaleback-mountain/ski-resort.html,45.0,,55.0,Check fast eight lift info.,,,,,,
Little Switzerland,Wisconsin,United States,1269.0,200.0,1069.0,0.0,0.0,0.0,0.0,0.0,0.0,4.0,4.0,8.0,18.0,3.0,1.0,50.0,50.0,48.0,,,,,33.0,,http://www.onthesnow.com/wisconsin/little-switzerland/ski-resort.html,41.0,,50.0,,,,Check days info,,Check snowfall info.,Check year open info
Oak Mountain,New York,United States,2400.0,650.0,1750.0,0.0,0.0,0.0,0.0,1.0,0.0,0.0,3.0,4.0,22.0,1.0,12.0,46.0,18.0,48.0,,,73.0,120.0,40.0,,http://www.onthesnow.com/new-york/oak-mountain/ski-resort.html,40.0,,12.0,,,,Check days info,,,
Mount Pleasant of Edinboro,Pennsylvania,United States,1540.0,340.0,1200.0,0.0,,0.0,0.0,0.0,1.0,0.0,1.0,2.0,10.0,,5.0,40.0,35.0,48.0,75.0,85.0,50.0,100.0,30.0,,http://www.onthesnow.com/pennsylvania/mount-pleasant-of-edinboro/ski-resort.html,33.0,,35.0,Check fast eight lift info.,,,,,,
Hunt Hollow Ski Club,New York,United States,2030.0,825.0,1000.0,0.0,0.0,0.0,0.0,0.0,1.0,1.0,1.0,3.0,19.0,1.0,1.0,400.0,400.0,48.0,,75.0,54.0,130.0,48.0,,http://www.onthesnow.com/new-york/hunt-hollow-ski-club/ski-resort.html,58.0,,400.0,,,,Check days info,,,
Powder Ridge Park,Connecticut,United States,720.0,550.0,170.0,0.0,0.0,0.0,0.0,0.0,1.0,2.0,2.0,5.0,20.0,5.0,5.0,80.0,68.0,48.0,80.0,100.0,62.0,80.0,45.0,,http://www.onthesnow.com/connecticut/powder-ridge-park/ski-resort.html,55.0,,40.0,,,,,,,
